<?xml version = '1.0' encoding = 'UTF-8'?>
<FKIndexAssociation class="oracle.dbtools.crest.model.design.relational.FKIndexAssociation" directorySegmentName="seg_0" id="069DFD46-FB8D-F4E0-B1EE-CA5D0990D192" containerWithKeyObject="FCC59282-1382-5BD9-4107-6D457A8D8101" localFKIndex="E8F4C806-DF49-9574-5462-C59F54F4A1DB" name="Relation_22_Cristal_FK">
<createdBy>alumnom</createdBy>
<createdTime>2022-10-04 09:42:21 UTC</createdTime>
<generatorID>4D451345-563B-B824-EF1C-AC325B94E347</generatorID>
<ownerDesignName>base de datos2.0</ownerDesignName>
<referredTableLongName>Cristal</referredTableLongName>
<deleteRule>NO ACTION</deleteRule>
<referredTableID>B9643084-A0CD-9F42-0DB9-500070E30F2B</referredTableID>
<keyObject>F3B359AD-368A-CC57-32E4-733341B50FF2</keyObject>
<referredKeyID>F3B359AD-368A-CC57-32E4-733341B50FF2</referredKeyID>
<mandatory>true</mandatory>
<refColNames>ID_cristal</refColNames>
<transferable>true</transferable>
<rely>false</rely>
<columnDependencyConstraintGenerateInDDL>true</columnDependencyConstraintGenerateInDDL>
</FKIndexAssociation>