<?xml version = '1.0' encoding = 'UTF-8'?>
<FKIndexAssociation class="oracle.dbtools.crest.model.design.relational.FKIndexAssociation" directorySegmentName="seg_0" id="0B0D6774-0C0A-AED9-9042-DC67CE105C01" containerWithKeyObject="F0532DEB-586A-7BA6-7AE3-A08C9AAE6D19" localFKIndex="09765410-F8CA-32AC-AD8C-787DCC0B0A9F" name="Producto_final_Color_FK">
<createdBy>alumnom</createdBy>
<createdTime>2022-10-04 09:42:21 UTC</createdTime>
<generatorID>6DA31746-1D66-3090-511B-C75ECAF80BE6</generatorID>
<ownerDesignName>base de datos2.0</ownerDesignName>
<referredTableLongName>Color</referredTableLongName>
<deleteRule>NO ACTION</deleteRule>
<referredTableID>69D5CCA5-6767-90BB-A9C5-C96121BA7110</referredTableID>
<keyObject>D96BDACE-5177-4B50-9036-8813B0F4E204</keyObject>
<referredKeyID>D96BDACE-5177-4B50-9036-8813B0F4E204</referredKeyID>
<mandatory>false</mandatory>
<refColNames>ID_color</refColNames>
<transferable>true</transferable>
<rely>false</rely>
<columnDependencyConstraintGenerateInDDL>true</columnDependencyConstraintGenerateInDDL>
</FKIndexAssociation>