<?xml version = '1.0' encoding = 'UTF-8'?>
<FKIndexAssociation class="oracle.dbtools.crest.model.design.relational.FKIndexAssociation" directorySegmentName="seg_0" id="160E2CB9-AE04-7D57-B495-24AD46826829" containerWithKeyObject="074D5A8E-F41C-C981-6D03-8B1AAC9B433A" localFKIndex="D816711F-C44F-50A7-9522-4C78CAB23384" name="Relation_16_Modelo_FK">
<createdBy>alumnom</createdBy>
<createdTime>2022-10-04 09:42:21 UTC</createdTime>
<generatorID>530A4C7F-85FF-3A0F-92E4-8C0C644190E9</generatorID>
<ownerDesignName>base de datos2.0</ownerDesignName>
<referredTableLongName>Modelo</referredTableLongName>
<deleteRule>NO ACTION</deleteRule>
<referredTableID>185C007E-D0BE-EFAC-287F-D0543E759CC9</referredTableID>
<keyObject>9058CCBA-BE36-4017-11CA-682CF61F4D8A</keyObject>
<referredKeyID>9058CCBA-BE36-4017-11CA-682CF61F4D8A</referredKeyID>
<mandatory>true</mandatory>
<refColNames>ID_modelo</refColNames>
<transferable>true</transferable>
<rely>false</rely>
<columnDependencyConstraintGenerateInDDL>true</columnDependencyConstraintGenerateInDDL>
</FKIndexAssociation>