<?xml version = '1.0' encoding = 'UTF-8'?>
<FKIndexAssociation class="oracle.dbtools.crest.model.design.relational.FKIndexAssociation" directorySegmentName="seg_0" id="16884599-6076-F81C-2592-B1395841AF36" containerWithKeyObject="F0532DEB-586A-7BA6-7AE3-A08C9AAE6D19" localFKIndex="AC07C9F4-D020-E3F9-0CFD-C190A21FDC63" name="Producto_final_Pedido_FK">
<createdBy>alumnom</createdBy>
<createdTime>2022-10-04 09:42:21 UTC</createdTime>
<generatorID>EE350F69-7924-2E34-F6A2-F65773724790</generatorID>
<ownerDesignName>base de datos2.0</ownerDesignName>
<referredTableLongName>Pedido</referredTableLongName>
<deleteRule>NO ACTION</deleteRule>
<referredTableID>91CB07D0-A702-D23C-BCCB-1C1000596974</referredTableID>
<keyObject>7A542A8B-41F2-7B42-4B69-41C425089158</keyObject>
<referredKeyID>7A542A8B-41F2-7B42-4B69-41C425089158</referredKeyID>
<mandatory>false</mandatory>
<refColNames>ID_pedido</refColNames>
<transferable>true</transferable>
<rely>false</rely>
<columnDependencyConstraintGenerateInDDL>true</columnDependencyConstraintGenerateInDDL>
</FKIndexAssociation>