<?xml version = '1.0' encoding = 'UTF-8'?>
<FKIndexAssociation class="oracle.dbtools.crest.model.design.relational.FKIndexAssociation" directorySegmentName="seg_0" id="1DF171F5-4213-09DE-D2B7-AF6F9F300A64" containerWithKeyObject="F0532DEB-586A-7BA6-7AE3-A08C9AAE6D19" localFKIndex="EFDA9B45-865C-F50F-B70D-7A0FAC02AEB9" name="Producto_final_Entrega_FK">
<createdBy>alumnom</createdBy>
<createdTime>2022-10-04 09:42:21 UTC</createdTime>
<generatorID>F8DE261D-BC99-C56F-8973-DA662118D1C3</generatorID>
<ownerDesignName>base de datos2.0</ownerDesignName>
<referredTableLongName>Entrega</referredTableLongName>
<deleteRule>NO ACTION</deleteRule>
<referredTableID>C68DD7FE-3ACC-9B6A-0D15-FD2A8865B25A</referredTableID>
<keyObject>1596C7EB-84E6-9EAC-A15E-50C28DCE72FC</keyObject>
<referredKeyID>1596C7EB-84E6-9EAC-A15E-50C28DCE72FC</referredKeyID>
<mandatory>false</mandatory>
<refColNames>ID_entrega</refColNames>
<transferable>true</transferable>
<rely>false</rely>
<columnDependencyConstraintGenerateInDDL>true</columnDependencyConstraintGenerateInDDL>
</FKIndexAssociation>