<?xml version = '1.0' encoding = 'UTF-8'?>
<FKIndexAssociation class="oracle.dbtools.crest.model.design.relational.FKIndexAssociation" directorySegmentName="seg_0" id="2D947AAB-6730-E715-F100-2F1ABB4F9E97" containerWithKeyObject="31EDB410-D30C-A864-162B-2AA9223ED863" localFKIndex="76513954-AD67-348F-76C8-8E28BE1BC2CF" name="Relation_23_Color_FK">
<createdBy>alumnom</createdBy>
<createdTime>2022-10-04 09:42:21 UTC</createdTime>
<generatorID>8D946970-BF83-4335-E9A8-2FA324DABD54</generatorID>
<ownerDesignName>base de datos2.0</ownerDesignName>
<referredTableLongName>Color</referredTableLongName>
<deleteRule>NO ACTION</deleteRule>
<referredTableID>69D5CCA5-6767-90BB-A9C5-C96121BA7110</referredTableID>
<keyObject>D96BDACE-5177-4B50-9036-8813B0F4E204</keyObject>
<referredKeyID>D96BDACE-5177-4B50-9036-8813B0F4E204</referredKeyID>
<mandatory>true</mandatory>
<refColNames>ID_color</refColNames>
<transferable>true</transferable>
<rely>false</rely>
<columnDependencyConstraintGenerateInDDL>true</columnDependencyConstraintGenerateInDDL>
</FKIndexAssociation>