<?xml version = '1.0' encoding = 'UTF-8'?>
<FKIndexAssociation class="oracle.dbtools.crest.model.design.relational.FKIndexAssociation" directorySegmentName="seg_0" id="31E44DE0-3173-78EB-B653-2B75054ABFA3" containerWithKeyObject="F0532DEB-586A-7BA6-7AE3-A08C9AAE6D19" localFKIndex="A4288242-B2D7-275C-4218-FE6F51DF8278" name="Producto_final_Cristal_FK">
<createdBy>alumnom</createdBy>
<createdTime>2022-10-04 09:42:21 UTC</createdTime>
<generatorID>B49F418A-3692-3A01-245D-A1C6EBCFA6FA</generatorID>
<ownerDesignName>base de datos2.0</ownerDesignName>
<referredTableLongName>Cristal</referredTableLongName>
<deleteRule>NO ACTION</deleteRule>
<referredTableID>B9643084-A0CD-9F42-0DB9-500070E30F2B</referredTableID>
<keyObject>F3B359AD-368A-CC57-32E4-733341B50FF2</keyObject>
<referredKeyID>F3B359AD-368A-CC57-32E4-733341B50FF2</referredKeyID>
<mandatory>false</mandatory>
<refColNames>ID_cristal</refColNames>
<transferable>true</transferable>
<rely>false</rely>
<columnDependencyConstraintGenerateInDDL>true</columnDependencyConstraintGenerateInDDL>
</FKIndexAssociation>