<?xml version = '1.0' encoding = 'UTF-8'?>
<FKIndexAssociation class="oracle.dbtools.crest.model.design.relational.FKIndexAssociation" directorySegmentName="seg_0" id="345123FA-27B2-E798-C6AF-DD4F52A165C0" containerWithKeyObject="074D5A8E-F41C-C981-6D03-8B1AAC9B433A" localFKIndex="211646CA-04F2-9936-84EC-8BC809C41AB2" name="Relation_16_Temporada_FK">
<createdBy>alumnom</createdBy>
<createdTime>2022-10-04 09:42:21 UTC</createdTime>
<generatorID>530A4C7F-85FF-3A0F-92E4-8C0C644190E9</generatorID>
<ownerDesignName>base de datos2.0</ownerDesignName>
<referredTableLongName>Temporada</referredTableLongName>
<deleteRule>NO ACTION</deleteRule>
<referredTableID>55D2D5B8-CC1F-ED38-11E1-3C89C941A776</referredTableID>
<keyObject>3CC16D65-959B-228C-7CB3-88482C77813C</keyObject>
<referredKeyID>3CC16D65-959B-228C-7CB3-88482C77813C</referredKeyID>
<mandatory>true</mandatory>
<refColNames>año</refColNames>
<transferable>true</transferable>
<rely>false</rely>
<columnDependencyConstraintGenerateInDDL>true</columnDependencyConstraintGenerateInDDL>
</FKIndexAssociation>