<?xml version = '1.0' encoding = 'UTF-8'?>
<FKIndexAssociation class="oracle.dbtools.crest.model.design.relational.FKIndexAssociation" directorySegmentName="seg_0" id="51B45706-05EC-A3D7-12F0-AC18945F949E" containerWithKeyObject="FCC59282-1382-5BD9-4107-6D457A8D8101" localFKIndex="6E6D7465-9376-6A63-8C00-D6005C515436" name="Relation_22_Coleccion_FK">
<createdBy>alumnom</createdBy>
<createdTime>2022-10-04 09:42:21 UTC</createdTime>
<generatorID>4D451345-563B-B824-EF1C-AC325B94E347</generatorID>
<ownerDesignName>base de datos2.0</ownerDesignName>
<referredTableLongName>Coleccion</referredTableLongName>
<deleteRule>NO ACTION</deleteRule>
<referredTableID>666FB587-B565-6F72-2CC9-94210FE9C8F5</referredTableID>
<keyObject>D253B1BF-1893-FFD8-890D-DB330108FB74</keyObject>
<referredKeyID>D253B1BF-1893-FFD8-890D-DB330108FB74</referredKeyID>
<mandatory>true</mandatory>
<refColNames>Nombre</refColNames>
<transferable>true</transferable>
<rely>false</rely>
<columnDependencyConstraintGenerateInDDL>true</columnDependencyConstraintGenerateInDDL>
</FKIndexAssociation>