<?xml version = '1.0' encoding = 'UTF-8'?>
<FKIndexAssociation class="oracle.dbtools.crest.model.design.relational.FKIndexAssociation" directorySegmentName="seg_0" id="5C4C6DC5-DD10-3EB4-9066-3AEADF1B9E9F" containerWithKeyObject="C68DD7FE-3ACC-9B6A-0D15-FD2A8865B25A" localFKIndex="E4F31997-B3B6-D694-B75F-061A05686DF4" name="Entrega_Pedido_FK">
<createdBy>alumnom</createdBy>
<createdTime>2022-10-04 09:42:21 UTC</createdTime>
<generatorID>087F496B-E963-3283-2D67-8E43DB546D09</generatorID>
<ownerDesignName>base de datos2.0</ownerDesignName>
<referredTableLongName>Pedido</referredTableLongName>
<deleteRule>NO ACTION</deleteRule>
<referredTableID>91CB07D0-A702-D23C-BCCB-1C1000596974</referredTableID>
<keyObject>7A542A8B-41F2-7B42-4B69-41C425089158</keyObject>
<referredKeyID>7A542A8B-41F2-7B42-4B69-41C425089158</referredKeyID>
<mandatory>true</mandatory>
<refColNames>ID_pedido</refColNames>
<transferable>true</transferable>
<rely>false</rely>
<columnDependencyConstraintGenerateInDDL>true</columnDependencyConstraintGenerateInDDL>
</FKIndexAssociation>