<?xml version = '1.0' encoding = 'UTF-8'?>
<FKIndexAssociation class="oracle.dbtools.crest.model.design.relational.FKIndexAssociation" directorySegmentName="seg_0" id="602AAB23-2A35-214A-39A6-754FB061B334" containerWithKeyObject="185C007E-D0BE-EFAC-287F-D0543E759CC9" localFKIndex="5BAFD230-EDF6-AC54-ADBE-35959AED141A" name="Modelo_Coleccion_FK">
<createdBy>alumnom</createdBy>
<createdTime>2022-10-04 09:42:21 UTC</createdTime>
<generatorID>E785B427-12C8-5F46-3E2E-09BEB5582136</generatorID>
<ownerDesignName>base de datos2.0</ownerDesignName>
<referredTableLongName>Coleccion</referredTableLongName>
<deleteRule>NO ACTION</deleteRule>
<referredTableID>666FB587-B565-6F72-2CC9-94210FE9C8F5</referredTableID>
<keyObject>D253B1BF-1893-FFD8-890D-DB330108FB74</keyObject>
<referredKeyID>D253B1BF-1893-FFD8-890D-DB330108FB74</referredKeyID>
<mandatory>true</mandatory>
<refColNames>Nombre</refColNames>
<transferable>true</transferable>
<rely>false</rely>
<columnDependencyConstraintGenerateInDDL>true</columnDependencyConstraintGenerateInDDL>
</FKIndexAssociation>