<?xml version = '1.0' encoding = 'UTF-8'?>
<FKIndexAssociation class="oracle.dbtools.crest.model.design.relational.FKIndexAssociation" directorySegmentName="seg_0" id="6641ABCA-AB7A-443E-5717-2108D0313839" containerWithKeyObject="31EDB410-D30C-A864-162B-2AA9223ED863" localFKIndex="ECDA45F3-5913-3CE1-E6C5-DB8562D9FA7B" name="Relation_23_Coleccion_FK">
<createdBy>alumnom</createdBy>
<createdTime>2022-10-04 09:42:21 UTC</createdTime>
<generatorID>8D946970-BF83-4335-E9A8-2FA324DABD54</generatorID>
<ownerDesignName>base de datos2.0</ownerDesignName>
<referredTableLongName>Coleccion</referredTableLongName>
<deleteRule>NO ACTION</deleteRule>
<referredTableID>666FB587-B565-6F72-2CC9-94210FE9C8F5</referredTableID>
<keyObject>D253B1BF-1893-FFD8-890D-DB330108FB74</keyObject>
<referredKeyID>D253B1BF-1893-FFD8-890D-DB330108FB74</referredKeyID>
<mandatory>true</mandatory>
<refColNames>Nombre</refColNames>
<transferable>true</transferable>
<rely>false</rely>
<columnDependencyConstraintGenerateInDDL>true</columnDependencyConstraintGenerateInDDL>
</FKIndexAssociation>