<?xml version = '1.0' encoding = 'UTF-8'?>
<FKIndexAssociation class="oracle.dbtools.crest.model.design.relational.FKIndexAssociation" directorySegmentName="seg_0" id="9882A8DF-0729-FCC4-D63D-B2904531A95B" containerWithKeyObject="F0532DEB-586A-7BA6-7AE3-A08C9AAE6D19" localFKIndex="FC468372-3DCF-C648-3CE4-4832275DD7E7" name="Producto_final_Modelo_FK">
<createdBy>alumnom</createdBy>
<createdTime>2022-10-04 09:42:21 UTC</createdTime>
<generatorID>1F70F5F0-81C5-C15B-AC7D-D0DD6AE1491E</generatorID>
<ownerDesignName>base de datos2.0</ownerDesignName>
<referredTableLongName>Modelo</referredTableLongName>
<deleteRule>NO ACTION</deleteRule>
<referredTableID>185C007E-D0BE-EFAC-287F-D0543E759CC9</referredTableID>
<keyObject>9058CCBA-BE36-4017-11CA-682CF61F4D8A</keyObject>
<referredKeyID>9058CCBA-BE36-4017-11CA-682CF61F4D8A</referredKeyID>
<mandatory>true</mandatory>
<refColNames>ID_modelo</refColNames>
<transferable>true</transferable>
<rely>false</rely>
<columnDependencyConstraintGenerateInDDL>true</columnDependencyConstraintGenerateInDDL>
</FKIndexAssociation>