<?xml version = '1.0' encoding = 'UTF-8'?>
<FKIndexAssociation class="oracle.dbtools.crest.model.design.relational.FKIndexAssociation" directorySegmentName="seg_0" id="98BB3855-603A-BF95-394D-F953220CC4B8" containerWithKeyObject="F0532DEB-586A-7BA6-7AE3-A08C9AAE6D19" localFKIndex="E66A67ED-6FBC-D521-12C4-D4BFA32990A0" name="Producto_final_Dimensiones_FK">
<createdBy>alumnom</createdBy>
<createdTime>2022-10-04 09:42:21 UTC</createdTime>
<generatorID>D8B34E6E-3001-FAED-2382-EEB5EFD10A71</generatorID>
<ownerDesignName>base de datos2.0</ownerDesignName>
<referredTableLongName>Dimensiones</referredTableLongName>
<deleteRule>NO ACTION</deleteRule>
<referredTableID>E52F8A77-8433-78B9-BEC1-226B017B6D50</referredTableID>
<keyObject>BBDCC6F6-7AD3-D707-3654-0C4ECBC9A673</keyObject>
<referredKeyID>BBDCC6F6-7AD3-D707-3654-0C4ECBC9A673</referredKeyID>
<mandatory>true</mandatory>
<refColNames>ID_dimensiones</refColNames>
<transferable>true</transferable>
<rely>false</rely>
<columnDependencyConstraintGenerateInDDL>true</columnDependencyConstraintGenerateInDDL>
</FKIndexAssociation>