<?xml version = '1.0' encoding = 'UTF-8'?>
<FKIndexAssociation class="oracle.dbtools.crest.model.design.relational.FKIndexAssociation" directorySegmentName="seg_0" id="B44A05C1-5C8E-C0A1-2601-115D0D34BEDB" containerWithKeyObject="04A875B7-BA7A-DA2C-9F96-CAA94FDA8B3E" localFKIndex="25592DBF-096B-C237-9605-ED4E6F143230" name="Relation_15_Dimensiones_FK">
<createdBy>alumnom</createdBy>
<createdTime>2022-10-04 09:42:21 UTC</createdTime>
<generatorID>4E5ECAEC-D8D4-09C0-FD1C-2B98E870F43A</generatorID>
<ownerDesignName>base de datos2.0</ownerDesignName>
<referredTableLongName>Dimensiones</referredTableLongName>
<deleteRule>NO ACTION</deleteRule>
<referredTableID>E52F8A77-8433-78B9-BEC1-226B017B6D50</referredTableID>
<keyObject>BBDCC6F6-7AD3-D707-3654-0C4ECBC9A673</keyObject>
<referredKeyID>BBDCC6F6-7AD3-D707-3654-0C4ECBC9A673</referredKeyID>
<mandatory>true</mandatory>
<refColNames>ID_dimensiones</refColNames>
<transferable>true</transferable>
<rely>false</rely>
<columnDependencyConstraintGenerateInDDL>true</columnDependencyConstraintGenerateInDDL>
</FKIndexAssociation>