<?xml version = '1.0' encoding = 'UTF-8'?>
<FKIndexAssociation class="oracle.dbtools.crest.model.design.relational.FKIndexAssociation" directorySegmentName="seg_0" id="E90876A5-54C8-5757-DC31-948BEA929FC2" containerWithKeyObject="91CB07D0-A702-D23C-BCCB-1C1000596974" localFKIndex="C0B4699F-E2B3-2663-2E19-6755B701331F" name="Pedido_Cliente_FK">
<createdBy>alumnom</createdBy>
<createdTime>2022-10-04 09:42:21 UTC</createdTime>
<generatorID>B79B5FE7-FC52-6EFC-E769-F67C859ACE75</generatorID>
<ownerDesignName>base de datos2.0</ownerDesignName>
<referredTableLongName>Cliente</referredTableLongName>
<deleteRule>NO ACTION</deleteRule>
<referredTableID>FC8E4D42-556F-7478-AEDA-1681F46E100B</referredTableID>
<keyObject>4F7BD71E-F2C1-6EEB-633C-4CF448A830AF</keyObject>
<referredKeyID>4F7BD71E-F2C1-6EEB-633C-4CF448A830AF</referredKeyID>
<mandatory>true</mandatory>
<refColNames>DNI</refColNames>
<transferable>true</transferable>
<rely>false</rely>
<columnDependencyConstraintGenerateInDDL>true</columnDependencyConstraintGenerateInDDL>
</FKIndexAssociation>