<?xml version = '1.0' encoding = 'UTF-8'?>
<FKIndexAssociation class="oracle.dbtools.crest.model.design.relational.FKIndexAssociation" directorySegmentName="seg_0" id="E9D3899C-91D2-846A-84DC-C9537FA6F377" containerWithKeyObject="04A875B7-BA7A-DA2C-9F96-CAA94FDA8B3E" localFKIndex="8423E911-3A91-4FE1-E481-C77DA9449A8E" name="Relation_15_Modelo_FK">
<createdBy>alumnom</createdBy>
<createdTime>2022-10-04 09:42:21 UTC</createdTime>
<generatorID>4E5ECAEC-D8D4-09C0-FD1C-2B98E870F43A</generatorID>
<ownerDesignName>base de datos2.0</ownerDesignName>
<referredTableLongName>Modelo</referredTableLongName>
<deleteRule>NO ACTION</deleteRule>
<referredTableID>185C007E-D0BE-EFAC-287F-D0543E759CC9</referredTableID>
<keyObject>9058CCBA-BE36-4017-11CA-682CF61F4D8A</keyObject>
<referredKeyID>9058CCBA-BE36-4017-11CA-682CF61F4D8A</referredKeyID>
<mandatory>true</mandatory>
<refColNames>ID_modelo</refColNames>
<transferable>true</transferable>
<rely>false</rely>
<columnDependencyConstraintGenerateInDDL>true</columnDependencyConstraintGenerateInDDL>
</FKIndexAssociation>