<?xml version = '1.0' encoding = 'UTF-8'?>
<Table class="oracle.dbtools.crest.model.design.relational.Table" directorySegmentName="seg_0" id="04A875B7-BA7A-DA2C-9F96-CAA94FDA8B3E" name="Relation_15">
<createdBy>alumnom</createdBy>
<createdTime>2022-10-04 09:42:21 UTC</createdTime>
<ownerDesignName>base de datos2.0</ownerDesignName>
<allowColumnReorder>false</allowColumnReorder>
<existDependencyGenerateInDDl>true</existDependencyGenerateInDDl>
<parsed>true</parsed>
<columns itemClass="oracle.dbtools.crest.model.design.relational.Column">
<Column name="Modelo_ID_modelo" id="3D912F0D-3A65-4D52-B873-90A733F9DA3C">
<createdBy>alumnom</createdBy>
<createdTime>2022-10-04 09:42:21 UTC</createdTime>
<ownerDesignName>base de datos2.0</ownerDesignName>
<use>0</use>
<ownDataTypeParameters>,,</ownDataTypeParameters>
<previousColumn>false</previousColumn>
<autoIncrementCycle>false</autoIncrementCycle>
<associations>
<colAssociation fkAssociation="E9D3899C-91D2-846A-84DC-C9537FA6F377" referredColumn="DD1DBB6F-49B3-ADE3-08FF-18F5DF6B701A"/>
</associations>
</Column>
<Column name="Dimensiones_ID_dimensiones" id="F17F27B2-42D6-E764-A1BC-6CC2D3B3DAE1">
<createdBy>alumnom</createdBy>
<createdTime>2022-10-04 09:42:21 UTC</createdTime>
<ownerDesignName>base de datos2.0</ownerDesignName>
<use>0</use>
<ownDataTypeParameters>,,</ownDataTypeParameters>
<previousColumn>false</previousColumn>
<autoIncrementCycle>false</autoIncrementCycle>
<associations>
<colAssociation fkAssociation="B44A05C1-5C8E-C0A1-2601-115D0D34BEDB" referredColumn="30F7F23B-6267-0997-2C11-69726F4786AB"/>
</associations>
</Column>
</columns>
<indexes itemClass="oracle.dbtools.crest.model.design.relational.Index">
<ind_PK_UK id="A70EB8EF-5DF3-8E43-D21E-19CFDE9DA55D" name="Relation_15_PK">
<createdBy>alumnom</createdBy>
<createdTime>2022-10-04 09:42:21 UTC</createdTime>
<ownerDesignName>base de datos2.0</ownerDesignName>
<pk>true</pk>
<indexState>Primary Constraint</indexState>
<isSurrogateKey>false</isSurrogateKey>
<indexColumnUsage>
<colUsage columnID="3D912F0D-3A65-4D52-B873-90A733F9DA3C"/>
<colUsage columnID="F17F27B2-42D6-E764-A1BC-6CC2D3B3DAE1"/>
</indexColumnUsage>
</ind_PK_UK>
<ind_PK_UK id="8423E911-3A91-4FE1-E481-C77DA9449A8E" name="Relation_15_Modelo_FK">
<createdBy>alumnom</createdBy>
<createdTime>2022-10-04 09:42:21 UTC</createdTime>
<generatorID>4E5ECAEC-D8D4-09C0-FD1C-2B98E870F43A</generatorID>
<ownerDesignName>base de datos2.0</ownerDesignName>
<indexState>Foreign Key</indexState>
<isSurrogateKey>false</isSurrogateKey>
<indexColumnUsage>
<colUsage columnID="3D912F0D-3A65-4D52-B873-90A733F9DA3C"/>
</indexColumnUsage>
</ind_PK_UK>
<ind_PK_UK id="25592DBF-096B-C237-9605-ED4E6F143230" name="Relation_15_Dimensiones_FK">
<createdBy>alumnom</createdBy>
<createdTime>2022-10-04 09:42:21 UTC</createdTime>
<generatorID>4E5ECAEC-D8D4-09C0-FD1C-2B98E870F43A</generatorID>
<ownerDesignName>base de datos2.0</ownerDesignName>
<indexState>Foreign Key</indexState>
<isSurrogateKey>false</isSurrogateKey>
<indexColumnUsage>
<colUsage columnID="F17F27B2-42D6-E764-A1BC-6CC2D3B3DAE1"/>
</indexColumnUsage>
</ind_PK_UK>
</indexes>
</Table>