<?xml version = '1.0' encoding = 'UTF-8'?>
<Table class="oracle.dbtools.crest.model.design.relational.Table" directorySegmentName="seg_0" id="074D5A8E-F41C-C981-6D03-8B1AAC9B433A" name="Relation_16">
<createdBy>alumnom</createdBy>
<createdTime>2022-10-04 09:42:21 UTC</createdTime>
<ownerDesignName>base de datos2.0</ownerDesignName>
<allowColumnReorder>false</allowColumnReorder>
<existDependencyGenerateInDDl>true</existDependencyGenerateInDDl>
<parsed>true</parsed>
<columns itemClass="oracle.dbtools.crest.model.design.relational.Column">
<Column name="Modelo_ID_modelo" id="235FD8A9-E151-E906-39D5-7273A29A3D59">
<createdBy>alumnom</createdBy>
<createdTime>2022-10-04 09:42:21 UTC</createdTime>
<ownerDesignName>base de datos2.0</ownerDesignName>
<use>0</use>
<ownDataTypeParameters>,,</ownDataTypeParameters>
<previousColumn>false</previousColumn>
<autoIncrementCycle>false</autoIncrementCycle>
<associations>
<colAssociation fkAssociation="160E2CB9-AE04-7D57-B495-24AD46826829" referredColumn="DD1DBB6F-49B3-ADE3-08FF-18F5DF6B701A"/>
</associations>
</Column>
<Column name="Temporada_año" id="E01BEF7F-A92F-A877-4974-C10EC8439B6B">
<createdBy>alumnom</createdBy>
<createdTime>2022-10-04 09:42:21 UTC</createdTime>
<ownerDesignName>base de datos2.0</ownerDesignName>
<use>0</use>
<ownDataTypeParameters>,,</ownDataTypeParameters>
<previousColumn>false</previousColumn>
<autoIncrementCycle>false</autoIncrementCycle>
<associations>
<colAssociation fkAssociation="345123FA-27B2-E798-C6AF-DD4F52A165C0" referredColumn="E1313C07-3D0E-A697-11EB-AC2EA6306A22"/>
</associations>
</Column>
</columns>
<indexes itemClass="oracle.dbtools.crest.model.design.relational.Index">
<ind_PK_UK id="E3797A67-35D8-DCF3-73E7-23E9DFA1B65A" name="Relation_16_PK">
<createdBy>alumnom</createdBy>
<createdTime>2022-10-04 09:42:21 UTC</createdTime>
<ownerDesignName>base de datos2.0</ownerDesignName>
<pk>true</pk>
<indexState>Primary Constraint</indexState>
<isSurrogateKey>false</isSurrogateKey>
<indexColumnUsage>
<colUsage columnID="235FD8A9-E151-E906-39D5-7273A29A3D59"/>
<colUsage columnID="E01BEF7F-A92F-A877-4974-C10EC8439B6B"/>
</indexColumnUsage>
</ind_PK_UK>
<ind_PK_UK id="D816711F-C44F-50A7-9522-4C78CAB23384" name="Relation_16_Modelo_FK">
<createdBy>alumnom</createdBy>
<createdTime>2022-10-04 09:42:21 UTC</createdTime>
<generatorID>530A4C7F-85FF-3A0F-92E4-8C0C644190E9</generatorID>
<ownerDesignName>base de datos2.0</ownerDesignName>
<indexState>Foreign Key</indexState>
<isSurrogateKey>false</isSurrogateKey>
<indexColumnUsage>
<colUsage columnID="235FD8A9-E151-E906-39D5-7273A29A3D59"/>
</indexColumnUsage>
</ind_PK_UK>
<ind_PK_UK id="211646CA-04F2-9936-84EC-8BC809C41AB2" name="Relation_16_Temporada_FK">
<createdBy>alumnom</createdBy>
<createdTime>2022-10-04 09:42:21 UTC</createdTime>
<generatorID>530A4C7F-85FF-3A0F-92E4-8C0C644190E9</generatorID>
<ownerDesignName>base de datos2.0</ownerDesignName>
<indexState>Foreign Key</indexState>
<isSurrogateKey>false</isSurrogateKey>
<indexColumnUsage>
<colUsage columnID="E01BEF7F-A92F-A877-4974-C10EC8439B6B"/>
</indexColumnUsage>
</ind_PK_UK>
</indexes>
</Table>