<?xml version = '1.0' encoding = 'UTF-8'?>
<Table class="oracle.dbtools.crest.model.design.relational.Table" directorySegmentName="seg_0" id="185C007E-D0BE-EFAC-287F-D0543E759CC9" name="Modelo">
<createdBy>alumnom</createdBy>
<createdTime>2022-10-04 09:42:21 UTC</createdTime>
<generatorID>0E72BF45-8DAF-F012-2836-52C4C1B741AF</generatorID>
<ownerDesignName>base de datos2.0</ownerDesignName>
<allowColumnReorder>false</allowColumnReorder>
<existDependencyGenerateInDDl>true</existDependencyGenerateInDDl>
<parsed>true</parsed>
<columns itemClass="oracle.dbtools.crest.model.design.relational.Column">
<Column name="ID_modelo" id="DD1DBB6F-49B3-ADE3-08FF-18F5DF6B701A">
<createdBy>alumnom</createdBy>
<createdTime>2022-10-04 09:42:21 UTC</createdTime>
<generatorID>23B40DB6-DD26-29B4-2361-D44BB75DFE89</generatorID>
<ownerDesignName>base de datos2.0</ownerDesignName>
<use>0</use>
<ownDataTypeParameters>,,</ownDataTypeParameters>
<autoIncrementCycle>false</autoIncrementCycle>
</Column>
<Column name="tipo" id="397DDB51-07B4-F7E5-4D6E-1CAC542767FC">
<createdBy>alumnom</createdBy>
<createdTime>2022-10-04 09:42:21 UTC</createdTime>
<generatorID>F550F296-463A-6013-65BC-F82114A91E37</generatorID>
<ownerDesignName>base de datos2.0</ownerDesignName>
<nullsAllowed>true</nullsAllowed>
<use>0</use>
<ownDataTypeParameters>,,</ownDataTypeParameters>
<autoIncrementCycle>false</autoIncrementCycle>
</Column>
<Column name="precio" id="B6CC6CA6-E5E5-5352-C337-9801A59A0FE0">
<createdBy>alumnom</createdBy>
<createdTime>2022-10-04 09:42:21 UTC</createdTime>
<generatorID>E35AC565-8CC3-B42C-D523-9862FB6D48BE</generatorID>
<ownerDesignName>base de datos2.0</ownerDesignName>
<nullsAllowed>true</nullsAllowed>
<use>0</use>
<ownDataTypeParameters>,,</ownDataTypeParameters>
<autoIncrementCycle>false</autoIncrementCycle>
</Column>
<Column name="Coleccion_Nombre" id="D5E0D975-6C22-C1F6-90FF-D45F728EA5BA">
<createdBy>alumnom</createdBy>
<createdTime>2022-10-04 09:42:21 UTC</createdTime>
<generatorID>052C04C5-B1B9-BE8D-049F-040BD0181907</generatorID>
<ownerDesignName>base de datos2.0</ownerDesignName>
<use>0</use>
<ownDataTypeParameters>,,</ownDataTypeParameters>
<previousColumn>false</previousColumn>
<autoIncrementCycle>false</autoIncrementCycle>
<associations>
<colAssociation fkAssociation="602AAB23-2A35-214A-39A6-754FB061B334" referredColumn="8F70976D-C3CB-30D9-6718-475BAAF9DB81"/>
</associations>
</Column>
</columns>
<indexes itemClass="oracle.dbtools.crest.model.design.relational.Index">
<ind_PK_UK id="9058CCBA-BE36-4017-11CA-682CF61F4D8A" name="Modelo_PK">
<createdBy>alumnom</createdBy>
<createdTime>2022-10-04 09:42:21 UTC</createdTime>
<generatorID>8EB315AC-1324-0D4C-9BD6-82D381B75DB0</generatorID>
<ownerDesignName>base de datos2.0</ownerDesignName>
<pk>true</pk>
<indexState>Primary Constraint</indexState>
<isSurrogateKey>false</isSurrogateKey>
<indexColumnUsage>
<colUsage columnID="DD1DBB6F-49B3-ADE3-08FF-18F5DF6B701A"/>
</indexColumnUsage>
</ind_PK_UK>
<ind_PK_UK id="5BAFD230-EDF6-AC54-ADBE-35959AED141A" name="Modelo_Coleccion_FK">
<createdBy>alumnom</createdBy>
<createdTime>2022-10-04 09:42:21 UTC</createdTime>
<generatorID>E785B427-12C8-5F46-3E2E-09BEB5582136</generatorID>
<ownerDesignName>base de datos2.0</ownerDesignName>
<indexState>Foreign Key</indexState>
<isSurrogateKey>false</isSurrogateKey>
<indexColumnUsage>
<colUsage columnID="D5E0D975-6C22-C1F6-90FF-D45F728EA5BA"/>
</indexColumnUsage>
</ind_PK_UK>
</indexes>
</Table>