<?xml version = '1.0' encoding = 'UTF-8'?>
<Table class="oracle.dbtools.crest.model.design.relational.Table" directorySegmentName="seg_0" id="31EDB410-D30C-A864-162B-2AA9223ED863" name="Relation_23">
<createdBy>alumnom</createdBy>
<createdTime>2022-10-04 09:42:21 UTC</createdTime>
<ownerDesignName>base de datos2.0</ownerDesignName>
<allowColumnReorder>false</allowColumnReorder>
<existDependencyGenerateInDDl>true</existDependencyGenerateInDDl>
<parsed>true</parsed>
<columns itemClass="oracle.dbtools.crest.model.design.relational.Column">
<Column name="Coleccion_Nombre" id="9ADEE0D2-6CE0-D3EE-1C22-2139F62FED76">
<createdBy>alumnom</createdBy>
<createdTime>2022-10-04 09:42:21 UTC</createdTime>
<ownerDesignName>base de datos2.0</ownerDesignName>
<use>0</use>
<ownDataTypeParameters>,,</ownDataTypeParameters>
<previousColumn>false</previousColumn>
<autoIncrementCycle>false</autoIncrementCycle>
<associations>
<colAssociation fkAssociation="6641ABCA-AB7A-443E-5717-2108D0313839" referredColumn="8F70976D-C3CB-30D9-6718-475BAAF9DB81"/>
</associations>
</Column>
<Column name="Color_ID_color" id="14AC1593-2DB7-F210-DB60-40599BC96651">
<createdBy>alumnom</createdBy>
<createdTime>2022-10-04 09:42:21 UTC</createdTime>
<ownerDesignName>base de datos2.0</ownerDesignName>
<use>0</use>
<ownDataTypeParameters>,,</ownDataTypeParameters>
<previousColumn>false</previousColumn>
<autoIncrementCycle>false</autoIncrementCycle>
<associations>
<colAssociation fkAssociation="2D947AAB-6730-E715-F100-2F1ABB4F9E97" referredColumn="E60EC987-D57C-46CB-5B10-DA403F9980C3"/>
</associations>
</Column>
</columns>
<indexes itemClass="oracle.dbtools.crest.model.design.relational.Index">
<ind_PK_UK id="10DAF067-7452-CD4F-7461-D15C66655491" name="Relation_23_PK">
<createdBy>alumnom</createdBy>
<createdTime>2022-10-04 09:42:21 UTC</createdTime>
<ownerDesignName>base de datos2.0</ownerDesignName>
<pk>true</pk>
<indexState>Primary Constraint</indexState>
<isSurrogateKey>false</isSurrogateKey>
<indexColumnUsage>
<colUsage columnID="9ADEE0D2-6CE0-D3EE-1C22-2139F62FED76"/>
<colUsage columnID="14AC1593-2DB7-F210-DB60-40599BC96651"/>
</indexColumnUsage>
</ind_PK_UK>
<ind_PK_UK id="ECDA45F3-5913-3CE1-E6C5-DB8562D9FA7B" name="Relation_23_Coleccion_FK">
<createdBy>alumnom</createdBy>
<createdTime>2022-10-04 09:42:21 UTC</createdTime>
<generatorID>8D946970-BF83-4335-E9A8-2FA324DABD54</generatorID>
<ownerDesignName>base de datos2.0</ownerDesignName>
<indexState>Foreign Key</indexState>
<isSurrogateKey>false</isSurrogateKey>
<indexColumnUsage>
<colUsage columnID="9ADEE0D2-6CE0-D3EE-1C22-2139F62FED76"/>
</indexColumnUsage>
</ind_PK_UK>
<ind_PK_UK id="76513954-AD67-348F-76C8-8E28BE1BC2CF" name="Relation_23_Color_FK">
<createdBy>alumnom</createdBy>
<createdTime>2022-10-04 09:42:21 UTC</createdTime>
<generatorID>8D946970-BF83-4335-E9A8-2FA324DABD54</generatorID>
<ownerDesignName>base de datos2.0</ownerDesignName>
<indexState>Foreign Key</indexState>
<isSurrogateKey>false</isSurrogateKey>
<indexColumnUsage>
<colUsage columnID="14AC1593-2DB7-F210-DB60-40599BC96651"/>
</indexColumnUsage>
</ind_PK_UK>
</indexes>
</Table>