<?xml version = '1.0' encoding = 'UTF-8'?>
<Table class="oracle.dbtools.crest.model.design.relational.Table" directorySegmentName="seg_0" id="69D5CCA5-6767-90BB-A9C5-C96121BA7110" name="Color">
<createdBy>alumnom</createdBy>
<createdTime>2022-10-04 09:42:21 UTC</createdTime>
<generatorID>8060CBC3-7589-CC5B-32EB-AA4F326DBDA9</generatorID>
<ownerDesignName>base de datos2.0</ownerDesignName>
<allowColumnReorder>false</allowColumnReorder>
<existDependencyGenerateInDDl>true</existDependencyGenerateInDDl>
<parsed>true</parsed>
<columns itemClass="oracle.dbtools.crest.model.design.relational.Column">
<Column name="ID_color" id="E60EC987-D57C-46CB-5B10-DA403F9980C3">
<createdBy>alumnom</createdBy>
<createdTime>2022-10-04 09:42:21 UTC</createdTime>
<generatorID>BCD69A66-BFAB-505B-FDEC-207C4DAC5465</generatorID>
<ownerDesignName>base de datos2.0</ownerDesignName>
<use>0</use>
<ownDataTypeParameters>,,</ownDataTypeParameters>
<autoIncrementCycle>false</autoIncrementCycle>
</Column>
<Column name="sobreprecio_color" id="B5E281C3-B979-B8A3-4DE0-52C590358E7F">
<createdBy>alumnom</createdBy>
<createdTime>2022-10-04 09:42:21 UTC</createdTime>
<generatorID>CEEE393A-4C5C-8B90-93E8-C0241FFA12B5</generatorID>
<ownerDesignName>base de datos2.0</ownerDesignName>
<nullsAllowed>true</nullsAllowed>
<use>0</use>
<ownDataTypeParameters>,,</ownDataTypeParameters>
<autoIncrementCycle>false</autoIncrementCycle>
</Column>
</columns>
<indexes itemClass="oracle.dbtools.crest.model.design.relational.Index">
<ind_PK_UK id="D96BDACE-5177-4B50-9036-8813B0F4E204" name="Color_PK">
<createdBy>alumnom</createdBy>
<createdTime>2022-10-04 09:42:21 UTC</createdTime>
<generatorID>29E6A67A-1CEB-B9DA-8DEF-7CF7F4E26C6F</generatorID>
<ownerDesignName>base de datos2.0</ownerDesignName>
<pk>true</pk>
<indexState>Primary Constraint</indexState>
<isSurrogateKey>false</isSurrogateKey>
<indexColumnUsage>
<colUsage columnID="E60EC987-D57C-46CB-5B10-DA403F9980C3"/>
</indexColumnUsage>
</ind_PK_UK>
</indexes>
</Table>