<?xml version = '1.0' encoding = 'UTF-8'?>
<Table class="oracle.dbtools.crest.model.design.relational.Table" directorySegmentName="seg_0" id="91CB07D0-A702-D23C-BCCB-1C1000596974" name="Pedido">
<createdBy>alumnom</createdBy>
<createdTime>2022-10-04 09:42:21 UTC</createdTime>
<generatorID>3413192F-4A64-7DC6-8EE3-0C5C91182C3A</generatorID>
<ownerDesignName>base de datos2.0</ownerDesignName>
<allowColumnReorder>false</allowColumnReorder>
<existDependencyGenerateInDDl>true</existDependencyGenerateInDDl>
<parsed>true</parsed>
<columns itemClass="oracle.dbtools.crest.model.design.relational.Column">
<Column name="ID_pedido" id="EAC261EB-143F-7C45-6395-B4E8A29D52DD">
<createdBy>alumnom</createdBy>
<createdTime>2022-10-04 09:42:21 UTC</createdTime>
<generatorID>2DE7B8ED-F74E-5EAF-EA2A-2C8F17F33550</generatorID>
<ownerDesignName>base de datos2.0</ownerDesignName>
<use>0</use>
<ownDataTypeParameters>,,</ownDataTypeParameters>
<autoIncrementCycle>false</autoIncrementCycle>
</Column>
<Column name="Precio_pedido_(calculado)" id="4DD13D8B-53C0-584E-76B7-64811750DB41">
<createdBy>alumnom</createdBy>
<createdTime>2022-10-04 09:42:21 UTC</createdTime>
<generatorID>37686990-5FF0-8321-1560-D3EB08B79CF7</generatorID>
<ownerDesignName>base de datos2.0</ownerDesignName>
<nullsAllowed>true</nullsAllowed>
<use>0</use>
<ownDataTypeParameters>,,</ownDataTypeParameters>
<autoIncrementCycle>false</autoIncrementCycle>
</Column>
<Column name="fecha_pedido" id="AF842CCC-561A-DBC0-EBA8-E9BFB0B2CF08">
<createdBy>alumnom</createdBy>
<createdTime>2022-10-04 09:42:21 UTC</createdTime>
<generatorID>0B5636D3-0937-B386-1808-91CD4E37DE1A</generatorID>
<ownerDesignName>base de datos2.0</ownerDesignName>
<nullsAllowed>true</nullsAllowed>
<use>0</use>
<ownDataTypeParameters>,,</ownDataTypeParameters>
<autoIncrementCycle>false</autoIncrementCycle>
</Column>
<Column name="Cliente_DNI" id="044E4F6E-EFCD-68A9-DCC2-6DBF2C878FBC">
<createdBy>alumnom</createdBy>
<createdTime>2022-10-04 09:42:21 UTC</createdTime>
<generatorID>6D9717F1-B506-C9CA-3E5C-FA82745B0839</generatorID>
<ownerDesignName>base de datos2.0</ownerDesignName>
<use>0</use>
<ownDataTypeParameters>,,</ownDataTypeParameters>
<previousColumn>false</previousColumn>
<autoIncrementCycle>false</autoIncrementCycle>
<associations>
<colAssociation fkAssociation="E90876A5-54C8-5757-DC31-948BEA929FC2" referredColumn="665743FF-EFF1-9A33-479A-486983993857"/>
</associations>
</Column>
</columns>
<indexes itemClass="oracle.dbtools.crest.model.design.relational.Index">
<ind_PK_UK id="7A542A8B-41F2-7B42-4B69-41C425089158" name="Pedido_PK">
<createdBy>alumnom</createdBy>
<createdTime>2022-10-04 09:42:21 UTC</createdTime>
<generatorID>CF52A556-85A0-533E-1639-B40C7B3B5DFD</generatorID>
<ownerDesignName>base de datos2.0</ownerDesignName>
<pk>true</pk>
<indexState>Primary Constraint</indexState>
<isSurrogateKey>false</isSurrogateKey>
<indexColumnUsage>
<colUsage columnID="EAC261EB-143F-7C45-6395-B4E8A29D52DD"/>
</indexColumnUsage>
</ind_PK_UK>
<ind_PK_UK id="C0B4699F-E2B3-2663-2E19-6755B701331F" name="Pedido_Cliente_FK">
<createdBy>alumnom</createdBy>
<createdTime>2022-10-04 09:42:21 UTC</createdTime>
<generatorID>B79B5FE7-FC52-6EFC-E769-F67C859ACE75</generatorID>
<ownerDesignName>base de datos2.0</ownerDesignName>
<indexState>Foreign Key</indexState>
<isSurrogateKey>false</isSurrogateKey>
<indexColumnUsage>
<colUsage columnID="044E4F6E-EFCD-68A9-DCC2-6DBF2C878FBC"/>
</indexColumnUsage>
</ind_PK_UK>
</indexes>
</Table>