<?xml version = '1.0' encoding = 'UTF-8'?>
<Table class="oracle.dbtools.crest.model.design.relational.Table" directorySegmentName="seg_0" id="C68DD7FE-3ACC-9B6A-0D15-FD2A8865B25A" name="Entrega">
<createdBy>alumnom</createdBy>
<createdTime>2022-10-04 09:42:21 UTC</createdTime>
<generatorID>7DEDB47B-80CA-37BA-257E-5EC8628A3961</generatorID>
<ownerDesignName>base de datos2.0</ownerDesignName>
<allowColumnReorder>false</allowColumnReorder>
<existDependencyGenerateInDDl>true</existDependencyGenerateInDDl>
<parsed>true</parsed>
<columns itemClass="oracle.dbtools.crest.model.design.relational.Column">
<Column name="ID_entrega" id="9C7A1769-CF98-E95C-2D6D-1C54F550AA06">
<createdBy>alumnom</createdBy>
<createdTime>2022-10-04 09:42:21 UTC</createdTime>
<generatorID>27E756AB-9272-0A72-7EE6-C160B8830D42</generatorID>
<ownerDesignName>base de datos2.0</ownerDesignName>
<use>0</use>
<ownDataTypeParameters>,,</ownDataTypeParameters>
<autoIncrementCycle>false</autoIncrementCycle>
</Column>
<Column name="fecha_entrega" id="9D6611B8-0351-666E-91C8-BDBE88FA69B6">
<createdBy>alumnom</createdBy>
<createdTime>2022-10-04 09:42:21 UTC</createdTime>
<generatorID>E31CCA3B-F542-994B-1A97-65C03E8FBBC1</generatorID>
<ownerDesignName>base de datos2.0</ownerDesignName>
<nullsAllowed>true</nullsAllowed>
<use>0</use>
<ownDataTypeParameters>,,</ownDataTypeParameters>
<autoIncrementCycle>false</autoIncrementCycle>
</Column>
<Column name="Pedido_ID_pedido" id="5AA57960-CAB8-8F36-26EA-5EC206A50DA9">
<createdBy>alumnom</createdBy>
<createdTime>2022-10-04 09:42:21 UTC</createdTime>
<generatorID>F2576137-775D-F394-A7A2-862A5127001C</generatorID>
<ownerDesignName>base de datos2.0</ownerDesignName>
<use>0</use>
<ownDataTypeParameters>,,</ownDataTypeParameters>
<previousColumn>false</previousColumn>
<autoIncrementCycle>false</autoIncrementCycle>
<associations>
<colAssociation fkAssociation="5C4C6DC5-DD10-3EB4-9066-3AEADF1B9E9F" referredColumn="EAC261EB-143F-7C45-6395-B4E8A29D52DD"/>
</associations>
</Column>
</columns>
<indexes itemClass="oracle.dbtools.crest.model.design.relational.Index">
<ind_PK_UK id="1596C7EB-84E6-9EAC-A15E-50C28DCE72FC" name="Entrega_PK">
<createdBy>alumnom</createdBy>
<createdTime>2022-10-04 09:42:21 UTC</createdTime>
<generatorID>84FAFC83-9782-373A-9A55-5DC2C17D4F85</generatorID>
<ownerDesignName>base de datos2.0</ownerDesignName>
<pk>true</pk>
<indexState>Primary Constraint</indexState>
<isSurrogateKey>false</isSurrogateKey>
<indexColumnUsage>
<colUsage columnID="9C7A1769-CF98-E95C-2D6D-1C54F550AA06"/>
</indexColumnUsage>
</ind_PK_UK>
<ind_PK_UK id="E4F31997-B3B6-D694-B75F-061A05686DF4" name="Entrega_Pedido_FK">
<createdBy>alumnom</createdBy>
<createdTime>2022-10-04 09:42:21 UTC</createdTime>
<generatorID>087F496B-E963-3283-2D67-8E43DB546D09</generatorID>
<ownerDesignName>base de datos2.0</ownerDesignName>
<indexState>Foreign Key</indexState>
<isSurrogateKey>false</isSurrogateKey>
<indexColumnUsage>
<colUsage columnID="5AA57960-CAB8-8F36-26EA-5EC206A50DA9"/>
</indexColumnUsage>
</ind_PK_UK>
</indexes>
</Table>