<?xml version = '1.0' encoding = 'UTF-8'?>
<Table class="oracle.dbtools.crest.model.design.relational.Table" directorySegmentName="seg_0" id="F0532DEB-586A-7BA6-7AE3-A08C9AAE6D19" name="Producto_final">
<createdBy>alumnom</createdBy>
<createdTime>2022-10-04 09:42:21 UTC</createdTime>
<generatorID>D2004A24-E0AB-2584-0010-32049D0C0DEE</generatorID>
<ownerDesignName>base de datos2.0</ownerDesignName>
<allowColumnReorder>false</allowColumnReorder>
<existDependencyGenerateInDDl>true</existDependencyGenerateInDDl>
<parsed>true</parsed>
<columns itemClass="oracle.dbtools.crest.model.design.relational.Column">
<Column name="ID_producto_final" id="805248D0-34B9-E841-F97B-750A08BA9652">
<createdBy>alumnom</createdBy>
<createdTime>2022-10-04 09:42:21 UTC</createdTime>
<generatorID>7B9BC2CA-8C6C-6AB4-928F-2C3C24208D3E</generatorID>
<ownerDesignName>base de datos2.0</ownerDesignName>
<use>0</use>
<ownDataTypeParameters>,,</ownDataTypeParameters>
<autoIncrementCycle>false</autoIncrementCycle>
</Column>
<Column name="Precio_total_mueble_(calculado)" id="FE41ECCB-A596-2703-C1B7-2C0377CCFEF0">
<createdBy>alumnom</createdBy>
<createdTime>2022-10-04 09:42:21 UTC</createdTime>
<generatorID>6DD669A3-9004-7026-1DC8-40A6CF30F158</generatorID>
<ownerDesignName>base de datos2.0</ownerDesignName>
<nullsAllowed>true</nullsAllowed>
<use>0</use>
<ownDataTypeParameters>,,</ownDataTypeParameters>
<autoIncrementCycle>false</autoIncrementCycle>
</Column>
<Column name="Modelo_ID_modelo" id="B0B6C361-2C43-0E79-102E-32D922B14976">
<createdBy>alumnom</createdBy>
<createdTime>2022-10-04 09:42:21 UTC</createdTime>
<generatorID>3174DFD7-04D9-9315-69D3-8C699DDBC0B0</generatorID>
<ownerDesignName>base de datos2.0</ownerDesignName>
<use>0</use>
<ownDataTypeParameters>,,</ownDataTypeParameters>
<previousColumn>false</previousColumn>
<autoIncrementCycle>false</autoIncrementCycle>
<associations>
<colAssociation fkAssociation="9882A8DF-0729-FCC4-D63D-B2904531A95B" referredColumn="DD1DBB6F-49B3-ADE3-08FF-18F5DF6B701A"/>
</associations>
</Column>
<Column name="Pedido_ID_pedido" id="E712C325-2669-D265-6A87-C9D789E14EE3">
<createdBy>alumnom</createdBy>
<createdTime>2022-10-04 09:42:21 UTC</createdTime>
<generatorID>E83238E4-1FDD-0643-30C9-640A6A1D5C70</generatorID>
<ownerDesignName>base de datos2.0</ownerDesignName>
<nullsAllowed>true</nullsAllowed>
<use>0</use>
<ownDataTypeParameters>,,</ownDataTypeParameters>
<previousColumn>false</previousColumn>
<autoIncrementCycle>false</autoIncrementCycle>
<associations>
<colAssociation fkAssociation="16884599-6076-F81C-2592-B1395841AF36" referredColumn="EAC261EB-143F-7C45-6395-B4E8A29D52DD"/>
</associations>
</Column>
<Column name="Cristal_ID_cristal" id="2A84DB62-37F9-3190-5443-A2C676D413CD">
<createdBy>alumnom</createdBy>
<createdTime>2022-10-04 09:42:21 UTC</createdTime>
<generatorID>45A8351F-1B44-6D70-A09D-A368CC286DC3</generatorID>
<ownerDesignName>base de datos2.0</ownerDesignName>
<nullsAllowed>true</nullsAllowed>
<use>0</use>
<ownDataTypeParameters>,,</ownDataTypeParameters>
<previousColumn>false</previousColumn>
<autoIncrementCycle>false</autoIncrementCycle>
<associations>
<colAssociation fkAssociation="31E44DE0-3173-78EB-B653-2B75054ABFA3" referredColumn="B3C296D6-9D9E-EC63-034E-6C9CCD2BB918"/>
</associations>
</Column>
<Column name="Color_ID_color" id="0AC6AF86-049F-A4FB-F2E9-691FB3EA011A">
<createdBy>alumnom</createdBy>
<createdTime>2022-10-04 09:42:21 UTC</createdTime>
<generatorID>CC9D47FC-4BBC-CC15-2260-B33613372BFD</generatorID>
<ownerDesignName>base de datos2.0</ownerDesignName>
<nullsAllowed>true</nullsAllowed>
<use>0</use>
<ownDataTypeParameters>,,</ownDataTypeParameters>
<previousColumn>false</previousColumn>
<autoIncrementCycle>false</autoIncrementCycle>
<associations>
<colAssociation fkAssociation="0B0D6774-0C0A-AED9-9042-DC67CE105C01" referredColumn="E60EC987-D57C-46CB-5B10-DA403F9980C3"/>
</associations>
</Column>
<Column name="Dimensiones_ID_dimensiones" id="C9BB287C-C5A1-E774-A86C-49DD59CCBBF9">
<createdBy>alumnom</createdBy>
<createdTime>2022-10-04 09:42:21 UTC</createdTime>
<generatorID>BB1C52D1-2B41-362E-3D4F-E0950E5BDEC4</generatorID>
<ownerDesignName>base de datos2.0</ownerDesignName>
<use>0</use>
<ownDataTypeParameters>,,</ownDataTypeParameters>
<previousColumn>false</previousColumn>
<autoIncrementCycle>false</autoIncrementCycle>
<associations>
<colAssociation fkAssociation="98BB3855-603A-BF95-394D-F953220CC4B8" referredColumn="30F7F23B-6267-0997-2C11-69726F4786AB"/>
</associations>
</Column>
<Column name="Entrega_ID_entrega" id="72182C62-5AF1-8D40-D483-9FB781BC4FD4">
<createdBy>alumnom</createdBy>
<createdTime>2022-10-04 09:42:21 UTC</createdTime>
<generatorID>2707FED5-2D38-FC95-EFF9-B338511411F8</generatorID>
<ownerDesignName>base de datos2.0</ownerDesignName>
<nullsAllowed>true</nullsAllowed>
<use>0</use>
<ownDataTypeParameters>,,</ownDataTypeParameters>
<previousColumn>false</previousColumn>
<autoIncrementCycle>false</autoIncrementCycle>
<associations>
<colAssociation fkAssociation="1DF171F5-4213-09DE-D2B7-AF6F9F300A64" referredColumn="9C7A1769-CF98-E95C-2D6D-1C54F550AA06"/>
</associations>
</Column>
</columns>
<indexes itemClass="oracle.dbtools.crest.model.design.relational.Index">
<ind_PK_UK id="2EB49510-908C-87D2-1BF4-1D99C6205E86" name="Producto_final_PK">
<createdBy>alumnom</createdBy>
<createdTime>2022-10-04 09:42:21 UTC</createdTime>
<generatorID>8E2DAC99-B080-9191-EFB1-1B48241D86FE</generatorID>
<ownerDesignName>base de datos2.0</ownerDesignName>
<pk>true</pk>
<indexState>Primary Constraint</indexState>
<isSurrogateKey>false</isSurrogateKey>
<indexColumnUsage>
<colUsage columnID="805248D0-34B9-E841-F97B-750A08BA9652"/>
</indexColumnUsage>
</ind_PK_UK>
<ind_PK_UK id="AC07C9F4-D020-E3F9-0CFD-C190A21FDC63" name="Producto_final_Pedido_FK">
<createdBy>alumnom</createdBy>
<createdTime>2022-10-04 09:42:21 UTC</createdTime>
<generatorID>EE350F69-7924-2E34-F6A2-F65773724790</generatorID>
<ownerDesignName>base de datos2.0</ownerDesignName>
<indexState>Foreign Key</indexState>
<isSurrogateKey>false</isSurrogateKey>
<indexColumnUsage>
<colUsage columnID="E712C325-2669-D265-6A87-C9D789E14EE3"/>
</indexColumnUsage>
</ind_PK_UK>
<ind_PK_UK id="09765410-F8CA-32AC-AD8C-787DCC0B0A9F" name="Producto_final_Color_FK">
<createdBy>alumnom</createdBy>
<createdTime>2022-10-04 09:42:21 UTC</createdTime>
<generatorID>6DA31746-1D66-3090-511B-C75ECAF80BE6</generatorID>
<ownerDesignName>base de datos2.0</ownerDesignName>
<indexState>Foreign Key</indexState>
<isSurrogateKey>false</isSurrogateKey>
<indexColumnUsage>
<colUsage columnID="0AC6AF86-049F-A4FB-F2E9-691FB3EA011A"/>
</indexColumnUsage>
</ind_PK_UK>
<ind_PK_UK id="A4288242-B2D7-275C-4218-FE6F51DF8278" name="Producto_final_Cristal_FK">
<createdBy>alumnom</createdBy>
<createdTime>2022-10-04 09:42:21 UTC</createdTime>
<generatorID>B49F418A-3692-3A01-245D-A1C6EBCFA6FA</generatorID>
<ownerDesignName>base de datos2.0</ownerDesignName>
<indexState>Foreign Key</indexState>
<isSurrogateKey>false</isSurrogateKey>
<indexColumnUsage>
<colUsage columnID="2A84DB62-37F9-3190-5443-A2C676D413CD"/>
</indexColumnUsage>
</ind_PK_UK>
<ind_PK_UK id="E66A67ED-6FBC-D521-12C4-D4BFA32990A0" name="Producto_final_Dimensiones_FK">
<createdBy>alumnom</createdBy>
<createdTime>2022-10-04 09:42:21 UTC</createdTime>
<generatorID>D8B34E6E-3001-FAED-2382-EEB5EFD10A71</generatorID>
<ownerDesignName>base de datos2.0</ownerDesignName>
<indexState>Foreign Key</indexState>
<isSurrogateKey>false</isSurrogateKey>
<indexColumnUsage>
<colUsage columnID="C9BB287C-C5A1-E774-A86C-49DD59CCBBF9"/>
</indexColumnUsage>
</ind_PK_UK>
<ind_PK_UK id="EFDA9B45-865C-F50F-B70D-7A0FAC02AEB9" name="Producto_final_Entrega_FK">
<createdBy>alumnom</createdBy>
<createdTime>2022-10-04 09:42:21 UTC</createdTime>
<generatorID>F8DE261D-BC99-C56F-8973-DA662118D1C3</generatorID>
<ownerDesignName>base de datos2.0</ownerDesignName>
<indexState>Foreign Key</indexState>
<isSurrogateKey>false</isSurrogateKey>
<indexColumnUsage>
<colUsage columnID="72182C62-5AF1-8D40-D483-9FB781BC4FD4"/>
</indexColumnUsage>
</ind_PK_UK>
<ind_PK_UK id="FC468372-3DCF-C648-3CE4-4832275DD7E7" name="Producto_final_Modelo_FK">
<createdBy>alumnom</createdBy>
<createdTime>2022-10-04 09:42:21 UTC</createdTime>
<generatorID>1F70F5F0-81C5-C15B-AC7D-D0DD6AE1491E</generatorID>
<ownerDesignName>base de datos2.0</ownerDesignName>
<indexState>Foreign Key</indexState>
<isSurrogateKey>false</isSurrogateKey>
<indexColumnUsage>
<colUsage columnID="B0B6C361-2C43-0E79-102E-32D922B14976"/>
</indexColumnUsage>
</ind_PK_UK>
</indexes>
</Table>