<?xml version = '1.0' encoding = 'UTF-8'?>
<Table class="oracle.dbtools.crest.model.design.relational.Table" directorySegmentName="seg_0" id="FCC59282-1382-5BD9-4107-6D457A8D8101" name="Relation_22">
<createdBy>alumnom</createdBy>
<createdTime>2022-10-04 09:42:21 UTC</createdTime>
<ownerDesignName>base de datos2.0</ownerDesignName>
<allowColumnReorder>false</allowColumnReorder>
<existDependencyGenerateInDDl>true</existDependencyGenerateInDDl>
<parsed>true</parsed>
<columns itemClass="oracle.dbtools.crest.model.design.relational.Column">
<Column name="Coleccion_Nombre" id="E4755668-C40D-1836-E7E7-74E7458BBC9A">
<createdBy>alumnom</createdBy>
<createdTime>2022-10-04 09:42:21 UTC</createdTime>
<ownerDesignName>base de datos2.0</ownerDesignName>
<use>0</use>
<ownDataTypeParameters>,,</ownDataTypeParameters>
<previousColumn>false</previousColumn>
<autoIncrementCycle>false</autoIncrementCycle>
<associations>
<colAssociation fkAssociation="51B45706-05EC-A3D7-12F0-AC18945F949E" referredColumn="8F70976D-C3CB-30D9-6718-475BAAF9DB81"/>
</associations>
</Column>
<Column name="Cristal_ID_cristal" id="315406CC-3B0B-B68D-2724-2DF47BEF1504">
<createdBy>alumnom</createdBy>
<createdTime>2022-10-04 09:42:21 UTC</createdTime>
<ownerDesignName>base de datos2.0</ownerDesignName>
<use>0</use>
<ownDataTypeParameters>,,</ownDataTypeParameters>
<previousColumn>false</previousColumn>
<autoIncrementCycle>false</autoIncrementCycle>
<associations>
<colAssociation fkAssociation="069DFD46-FB8D-F4E0-B1EE-CA5D0990D192" referredColumn="B3C296D6-9D9E-EC63-034E-6C9CCD2BB918"/>
</associations>
</Column>
</columns>
<indexes itemClass="oracle.dbtools.crest.model.design.relational.Index">
<ind_PK_UK id="8E0B0E2F-789E-10E7-431B-A9C6179825BF" name="Relation_22_PK">
<createdBy>alumnom</createdBy>
<createdTime>2022-10-04 09:42:21 UTC</createdTime>
<ownerDesignName>base de datos2.0</ownerDesignName>
<pk>true</pk>
<indexState>Primary Constraint</indexState>
<isSurrogateKey>false</isSurrogateKey>
<indexColumnUsage>
<colUsage columnID="E4755668-C40D-1836-E7E7-74E7458BBC9A"/>
<colUsage columnID="315406CC-3B0B-B68D-2724-2DF47BEF1504"/>
</indexColumnUsage>
</ind_PK_UK>
<ind_PK_UK id="6E6D7465-9376-6A63-8C00-D6005C515436" name="Relation_22_Coleccion_FK">
<createdBy>alumnom</createdBy>
<createdTime>2022-10-04 09:42:21 UTC</createdTime>
<generatorID>4D451345-563B-B824-EF1C-AC325B94E347</generatorID>
<ownerDesignName>base de datos2.0</ownerDesignName>
<indexState>Foreign Key</indexState>
<isSurrogateKey>false</isSurrogateKey>
<indexColumnUsage>
<colUsage columnID="E4755668-C40D-1836-E7E7-74E7458BBC9A"/>
</indexColumnUsage>
</ind_PK_UK>
<ind_PK_UK id="E8F4C806-DF49-9574-5462-C59F54F4A1DB" name="Relation_22_Cristal_FK">
<createdBy>alumnom</createdBy>
<createdTime>2022-10-04 09:42:21 UTC</createdTime>
<generatorID>4D451345-563B-B824-EF1C-AC325B94E347</generatorID>
<ownerDesignName>base de datos2.0</ownerDesignName>
<indexState>Foreign Key</indexState>
<isSurrogateKey>false</isSurrogateKey>
<indexColumnUsage>
<colUsage columnID="315406CC-3B0B-B68D-2724-2DF47BEF1504"/>
</indexColumnUsage>
</ind_PK_UK>
</indexes>
</Table>