<?xml version = '1.0' encoding = 'UTF-8'?>
<Entity class="oracle.dbtools.crest.model.design.logical.Entity" directorySegmentName="seg_0" id="0E72BF45-8DAF-F012-2836-52C4C1B741AF" name="Modelo">
<createdBy>alumnom</createdBy>
<createdTime>2022-10-04 06:36:00 UTC</createdTime>
<ownerDesignName>base de datos2.0</ownerDesignName>
<engineerTo>
<item key="6EABDFCC-E35D-834C-7671-61A74610EE67" value="true"/>
</engineerTo>
<adequatelyNormalized>NO</adequatelyNormalized>
<expectedVolumes>0</expectedVolumes>
<fwdEngineeringStrategyName>Single Table</fwdEngineeringStrategyName>
<growthPercent>0</growthPercent>
<growthType>Year</growthType>
<maxVolumes>9999999</maxVolumes>
<minVolumes>0</minVolumes>
<normalForm>Third</normalForm>
<attributes itemClass="oracle.dbtools.crest.model.design.logical.Attribute">
<Attribute name="ID modelo" id="23B40DB6-DD26-29B4-2361-D44BB75DFE89">
<createdBy>alumnom</createdBy>
<createdTime>2022-10-04 06:36:12 UTC</createdTime>
<ownerDesignName>base de datos2.0</ownerDesignName>
<engineerTo>
<item key="6EABDFCC-E35D-834C-7671-61A74610EE67" value="true"/>
</engineerTo>
<use>0</use>
<ownDataTypeParameters>,,</ownDataTypeParameters>
</Attribute>
<Attribute name="tipo" id="F550F296-463A-6013-65BC-F82114A91E37">
<createdBy>alumnom</createdBy>
<createdTime>2022-10-04 06:36:22 UTC</createdTime>
<ownerDesignName>base de datos2.0</ownerDesignName>
<engineerTo>
<item key="6EABDFCC-E35D-834C-7671-61A74610EE67" value="true"/>
</engineerTo>
<nullsAllowed>true</nullsAllowed>
<use>0</use>
<ownDataTypeParameters>,,</ownDataTypeParameters>
</Attribute>
<Attribute name="precio" id="E35AC565-8CC3-B42C-D523-9862FB6D48BE">
<createdBy>alumnom</createdBy>
<createdTime>2022-10-04 06:36:26 UTC</createdTime>
<ownerDesignName>base de datos2.0</ownerDesignName>
<engineerTo>
<item key="6EABDFCC-E35D-834C-7671-61A74610EE67" value="true"/>
</engineerTo>
<nullsAllowed>true</nullsAllowed>
<use>0</use>
<ownDataTypeParameters>,,</ownDataTypeParameters>
</Attribute>
<Attribute name="Nombre" id="052C04C5-B1B9-BE8D-049F-040BD0181907">
<createdBy>alumnom</createdBy>
<createdTime>2022-10-04 07:19:25 UTC</createdTime>
<generatorID>E785B427-12C8-5F46-3E2E-09BEB5582136</generatorID>
<ownerDesignName>base de datos2.0</ownerDesignName>
<engineerTo>
<item key="6EABDFCC-E35D-834C-7671-61A74610EE67" value="true"/>
</engineerTo>
<referedAttribute>19ECF1A4-AB65-46E6-2AF2-0B71C382856D</referedAttribute>
<use>0</use>
<ownDataTypeParameters>,,</ownDataTypeParameters>
</Attribute>
</attributes>
<identifiers itemClass="oracle.dbtools.crest.model.design.logical.CandidateKey">
<identifier id="8EB315AC-1324-0D4C-9BD6-82D381B75DB0" name="Modelo PK">
<createdBy>alumnom</createdBy>
<createdTime>2022-10-04 06:36:21 UTC</createdTime>
<ownerDesignName>base de datos2.0</ownerDesignName>
<engineerTo>
<item key="6EABDFCC-E35D-834C-7671-61A74610EE67" value="true"/>
</engineerTo>
<pk>true</pk>
<usedAttributes>
<attributeRef>23B40DB6-DD26-29B4-2361-D44BB75DFE89</attributeRef>
</usedAttributes>
</identifier>
</identifiers>
</Entity>