<?xml version = '1.0' encoding = 'UTF-8'?>
<Entity class="oracle.dbtools.crest.model.design.logical.Entity" directorySegmentName="seg_0" id="3413192F-4A64-7DC6-8EE3-0C5C91182C3A" name="Pedido">
<createdBy>alumnom</createdBy>
<createdTime>2022-10-04 06:42:36 UTC</createdTime>
<ownerDesignName>base de datos2.0</ownerDesignName>
<engineerTo>
<item key="6EABDFCC-E35D-834C-7671-61A74610EE67" value="true"/>
</engineerTo>
<adequatelyNormalized>NO</adequatelyNormalized>
<expectedVolumes>0</expectedVolumes>
<fwdEngineeringStrategyName>Single Table</fwdEngineeringStrategyName>
<growthPercent>0</growthPercent>
<growthType>Year</growthType>
<maxVolumes>9999999</maxVolumes>
<minVolumes>0</minVolumes>
<normalForm>Third</normalForm>
<attributes itemClass="oracle.dbtools.crest.model.design.logical.Attribute">
<Attribute name="ID pedido" id="2DE7B8ED-F74E-5EAF-EA2A-2C8F17F33550">
<createdBy>alumnom</createdBy>
<createdTime>2022-10-04 06:42:43 UTC</createdTime>
<ownerDesignName>base de datos2.0</ownerDesignName>
<engineerTo>
<item key="6EABDFCC-E35D-834C-7671-61A74610EE67" value="true"/>
</engineerTo>
<use>0</use>
<ownDataTypeParameters>,,</ownDataTypeParameters>
</Attribute>
<Attribute name="Precio pedido (calculado)" id="37686990-5FF0-8321-1560-D3EB08B79CF7">
<createdBy>alumnom</createdBy>
<createdTime>2022-10-04 06:42:49 UTC</createdTime>
<ownerDesignName>base de datos2.0</ownerDesignName>
<engineerTo>
<item key="6EABDFCC-E35D-834C-7671-61A74610EE67" value="true"/>
</engineerTo>
<nullsAllowed>true</nullsAllowed>
<use>0</use>
<ownDataTypeParameters>,,</ownDataTypeParameters>
</Attribute>
<Attribute name="fecha pedido" id="0B5636D3-0937-B386-1808-91CD4E37DE1A">
<createdBy>alumnom</createdBy>
<createdTime>2022-10-04 06:43:05 UTC</createdTime>
<ownerDesignName>base de datos2.0</ownerDesignName>
<engineerTo>
<item key="6EABDFCC-E35D-834C-7671-61A74610EE67" value="true"/>
</engineerTo>
<nullsAllowed>true</nullsAllowed>
<use>0</use>
<ownDataTypeParameters>,,</ownDataTypeParameters>
</Attribute>
<Attribute name="DNI" id="6D9717F1-B506-C9CA-3E5C-FA82745B0839">
<createdBy>alumnom</createdBy>
<createdTime>2022-10-04 06:51:34 UTC</createdTime>
<generatorID>B79B5FE7-FC52-6EFC-E769-F67C859ACE75</generatorID>
<ownerDesignName>base de datos2.0</ownerDesignName>
<engineerTo>
<item key="6EABDFCC-E35D-834C-7671-61A74610EE67" value="true"/>
</engineerTo>
<referedAttribute>A3370150-2079-5006-7326-FC490838047A</referedAttribute>
<use>0</use>
<ownDataTypeParameters>,,</ownDataTypeParameters>
</Attribute>
</attributes>
<identifiers itemClass="oracle.dbtools.crest.model.design.logical.CandidateKey">
<identifier id="CF52A556-85A0-533E-1639-B40C7B3B5DFD" name="Pedido PK">
<createdBy>alumnom</createdBy>
<createdTime>2022-10-04 06:42:48 UTC</createdTime>
<ownerDesignName>base de datos2.0</ownerDesignName>
<engineerTo>
<item key="6EABDFCC-E35D-834C-7671-61A74610EE67" value="true"/>
</engineerTo>
<pk>true</pk>
<usedAttributes>
<attributeRef>2DE7B8ED-F74E-5EAF-EA2A-2C8F17F33550</attributeRef>
</usedAttributes>
</identifier>
</identifiers>
</Entity>