<?xml version = '1.0' encoding = 'UTF-8'?>
<Entity class="oracle.dbtools.crest.model.design.logical.Entity" directorySegmentName="seg_0" id="45F8AC11-603A-8CE0-A23B-41365A9CAF7D" name="Dimensiones">
<createdBy>alumnom</createdBy>
<createdTime>2022-10-04 06:39:27 UTC</createdTime>
<ownerDesignName>base de datos2.0</ownerDesignName>
<engineerTo>
<item key="6EABDFCC-E35D-834C-7671-61A74610EE67" value="true"/>
</engineerTo>
<adequatelyNormalized>NO</adequatelyNormalized>
<expectedVolumes>0</expectedVolumes>
<fwdEngineeringStrategyName>Single Table</fwdEngineeringStrategyName>
<growthPercent>0</growthPercent>
<growthType>Year</growthType>
<maxVolumes>9999999</maxVolumes>
<minVolumes>0</minVolumes>
<normalForm>Third</normalForm>
<attributes itemClass="oracle.dbtools.crest.model.design.logical.Attribute">
<Attribute name="ID dimensiones" id="22D17846-2F44-6CC3-6906-16FD46480A61">
<createdBy>alumnom</createdBy>
<createdTime>2022-10-04 06:39:42 UTC</createdTime>
<ownerDesignName>base de datos2.0</ownerDesignName>
<engineerTo>
<item key="6EABDFCC-E35D-834C-7671-61A74610EE67" value="true"/>
</engineerTo>
<use>0</use>
<ownDataTypeParameters>,,</ownDataTypeParameters>
</Attribute>
<Attribute name="medidas" id="FB1BC6BA-721F-6FD2-B7AB-6BC2BDAB6338">
<createdBy>alumnom</createdBy>
<createdTime>2022-10-04 06:40:04 UTC</createdTime>
<ownerDesignName>base de datos2.0</ownerDesignName>
<engineerTo>
<item key="6EABDFCC-E35D-834C-7671-61A74610EE67" value="true"/>
</engineerTo>
<nullsAllowed>true</nullsAllowed>
<use>0</use>
<ownDataTypeParameters>,,</ownDataTypeParameters>
</Attribute>
<Attribute name="sobreprecio dimensiones" id="797DC3E1-8E1E-BB6E-4D8E-5BFAC93FE35B">
<createdBy>alumnom</createdBy>
<createdTime>2022-10-04 06:39:55 UTC</createdTime>
<ownerDesignName>base de datos2.0</ownerDesignName>
<engineerTo>
<item key="6EABDFCC-E35D-834C-7671-61A74610EE67" value="true"/>
</engineerTo>
<nullsAllowed>true</nullsAllowed>
<use>0</use>
<ownDataTypeParameters>,,</ownDataTypeParameters>
</Attribute>
<Attribute name="ID modelo" id="FB6119B4-CE2D-9EDF-6DD4-07638F157EFE">
<createdBy>alumnom</createdBy>
<createdTime>2022-10-06 10:13:26 UTC</createdTime>
<generatorID>4E5ECAEC-D8D4-09C0-FD1C-2B98E870F43A</generatorID>
<ownerDesignName>base de datos2.0</ownerDesignName>
<engineerTo>
<item key="6EABDFCC-E35D-834C-7671-61A74610EE67" value="true"/>
</engineerTo>
<referedAttribute>23B40DB6-DD26-29B4-2361-D44BB75DFE89</referedAttribute>
<use>0</use>
<ownDataTypeParameters>,,</ownDataTypeParameters>
</Attribute>
</attributes>
<identifiers itemClass="oracle.dbtools.crest.model.design.logical.CandidateKey">
<identifier id="B6871897-6D03-97D3-9A8A-3CE9E78CF990" name="Dimensiones PK">
<createdBy>alumnom</createdBy>
<createdTime>2022-10-04 06:39:53 UTC</createdTime>
<ownerDesignName>base de datos2.0</ownerDesignName>
<engineerTo>
<item key="6EABDFCC-E35D-834C-7671-61A74610EE67" value="true"/>
</engineerTo>
<pk>true</pk>
<usedAttributes>
<attributeRef>22D17846-2F44-6CC3-6906-16FD46480A61</attributeRef>
</usedAttributes>
</identifier>
</identifiers>
</Entity>