<?xml version = '1.0' encoding = 'UTF-8'?>
<Entity class="oracle.dbtools.crest.model.design.logical.Entity" directorySegmentName="seg_0" id="69C155F2-A857-2403-EAD3-0B41773830F8" name="Coleccion">
<createdBy>alumnom</createdBy>
<createdTime>2022-10-04 06:36:45 UTC</createdTime>
<ownerDesignName>base de datos2.0</ownerDesignName>
<engineerTo>
<item key="6EABDFCC-E35D-834C-7671-61A74610EE67" value="true"/>
</engineerTo>
<adequatelyNormalized>NO</adequatelyNormalized>
<expectedVolumes>0</expectedVolumes>
<fwdEngineeringStrategyName>Single Table</fwdEngineeringStrategyName>
<growthPercent>0</growthPercent>
<growthType>Year</growthType>
<maxVolumes>9999999</maxVolumes>
<minVolumes>0</minVolumes>
<normalForm>Third</normalForm>
<attributes itemClass="oracle.dbtools.crest.model.design.logical.Attribute">
<Attribute name="Nombre" id="19ECF1A4-AB65-46E6-2AF2-0B71C382856D">
<createdBy>alumnom</createdBy>
<createdTime>2022-10-04 06:36:58 UTC</createdTime>
<ownerDesignName>base de datos2.0</ownerDesignName>
<engineerTo>
<item key="6EABDFCC-E35D-834C-7671-61A74610EE67" value="true"/>
</engineerTo>
<use>0</use>
<ownDataTypeParameters>,,</ownDataTypeParameters>
</Attribute>
</attributes>
<identifiers itemClass="oracle.dbtools.crest.model.design.logical.CandidateKey">
<identifier id="064D0A4F-9EB4-3390-6272-ADB3FA719933" name="Colecciones PK">
<createdBy>alumnom</createdBy>
<createdTime>2022-10-04 06:37:05 UTC</createdTime>
<ownerDesignName>base de datos2.0</ownerDesignName>
<engineerTo>
<item key="6EABDFCC-E35D-834C-7671-61A74610EE67" value="true"/>
</engineerTo>
<pk>true</pk>
<usedAttributes>
<attributeRef>19ECF1A4-AB65-46E6-2AF2-0B71C382856D</attributeRef>
</usedAttributes>
</identifier>
</identifiers>
</Entity>