<?xml version = '1.0' encoding = 'UTF-8'?>
<Entity class="oracle.dbtools.crest.model.design.logical.Entity" directorySegmentName="seg_0" id="7DEDB47B-80CA-37BA-257E-5EC8628A3961" name="Entrega">
<createdBy>alumnom</createdBy>
<createdTime>2022-10-04 06:43:27 UTC</createdTime>
<ownerDesignName>base de datos2.0</ownerDesignName>
<engineerTo>
<item key="6EABDFCC-E35D-834C-7671-61A74610EE67" value="true"/>
</engineerTo>
<adequatelyNormalized>NO</adequatelyNormalized>
<expectedVolumes>0</expectedVolumes>
<fwdEngineeringStrategyName>Single Table</fwdEngineeringStrategyName>
<growthPercent>0</growthPercent>
<growthType>Year</growthType>
<maxVolumes>9999999</maxVolumes>
<minVolumes>0</minVolumes>
<normalForm>Third</normalForm>
<attributes itemClass="oracle.dbtools.crest.model.design.logical.Attribute">
<Attribute name="ID entrega" id="27E756AB-9272-0A72-7EE6-C160B8830D42">
<createdBy>alumnom</createdBy>
<createdTime>2022-10-04 06:43:40 UTC</createdTime>
<ownerDesignName>base de datos2.0</ownerDesignName>
<engineerTo>
<item key="6EABDFCC-E35D-834C-7671-61A74610EE67" value="true"/>
</engineerTo>
<use>0</use>
<ownDataTypeParameters>,,</ownDataTypeParameters>
</Attribute>
<Attribute name="fecha entrega" id="E31CCA3B-F542-994B-1A97-65C03E8FBBC1">
<createdBy>alumnom</createdBy>
<createdTime>2022-10-04 06:43:47 UTC</createdTime>
<ownerDesignName>base de datos2.0</ownerDesignName>
<engineerTo>
<item key="6EABDFCC-E35D-834C-7671-61A74610EE67" value="true"/>
</engineerTo>
<nullsAllowed>true</nullsAllowed>
<use>0</use>
<ownDataTypeParameters>,,</ownDataTypeParameters>
</Attribute>
<Attribute name="ID pedido" id="F2576137-775D-F394-A7A2-862A5127001C">
<createdBy>alumnom</createdBy>
<createdTime>2022-10-04 06:51:57 UTC</createdTime>
<generatorID>087F496B-E963-3283-2D67-8E43DB546D09</generatorID>
<ownerDesignName>base de datos2.0</ownerDesignName>
<engineerTo>
<item key="6EABDFCC-E35D-834C-7671-61A74610EE67" value="true"/>
</engineerTo>
<referedAttribute>2DE7B8ED-F74E-5EAF-EA2A-2C8F17F33550</referedAttribute>
<use>0</use>
<ownDataTypeParameters>,,</ownDataTypeParameters>
</Attribute>
</attributes>
<identifiers itemClass="oracle.dbtools.crest.model.design.logical.CandidateKey">
<identifier id="84FAFC83-9782-373A-9A55-5DC2C17D4F85" name="entrega PK">
<createdBy>alumnom</createdBy>
<createdTime>2022-10-04 06:44:15 UTC</createdTime>
<ownerDesignName>base de datos2.0</ownerDesignName>
<engineerTo>
<item key="6EABDFCC-E35D-834C-7671-61A74610EE67" value="true"/>
</engineerTo>
<pk>true</pk>
<usedAttributes>
<attributeRef>27E756AB-9272-0A72-7EE6-C160B8830D42</attributeRef>
</usedAttributes>
</identifier>
</identifiers>
</Entity>