<?xml version = '1.0' encoding = 'UTF-8'?>
<Entity class="oracle.dbtools.crest.model.design.logical.Entity" directorySegmentName="seg_0" id="8060CBC3-7589-CC5B-32EB-AA4F326DBDA9" name="Color">
<createdBy>alumnom</createdBy>
<createdTime>2022-10-04 07:23:16 UTC</createdTime>
<ownerDesignName>base de datos2.0</ownerDesignName>
<engineerTo>
<item key="6EABDFCC-E35D-834C-7671-61A74610EE67" value="true"/>
</engineerTo>
<adequatelyNormalized>NO</adequatelyNormalized>
<expectedVolumes>0</expectedVolumes>
<fwdEngineeringStrategyName>Single Table</fwdEngineeringStrategyName>
<growthPercent>0</growthPercent>
<growthType>Year</growthType>
<maxVolumes>9999999</maxVolumes>
<minVolumes>0</minVolumes>
<normalForm>Third</normalForm>
<attributes itemClass="oracle.dbtools.crest.model.design.logical.Attribute">
<Attribute name="ID color" id="BCD69A66-BFAB-505B-FDEC-207C4DAC5465">
<createdBy>alumnom</createdBy>
<createdTime>2022-10-04 07:23:53 UTC</createdTime>
<ownerDesignName>base de datos2.0</ownerDesignName>
<engineerTo>
<item key="6EABDFCC-E35D-834C-7671-61A74610EE67" value="true"/>
</engineerTo>
<use>0</use>
<ownDataTypeParameters>,,</ownDataTypeParameters>
</Attribute>
<Attribute name="sobreprecio color" id="CEEE393A-4C5C-8B90-93E8-C0241FFA12B5">
<createdBy>alumnom</createdBy>
<createdTime>2022-10-04 09:36:39 UTC</createdTime>
<ownerDesignName>base de datos2.0</ownerDesignName>
<engineerTo>
<item key="6EABDFCC-E35D-834C-7671-61A74610EE67" value="true"/>
</engineerTo>
<nullsAllowed>true</nullsAllowed>
<use>0</use>
<ownDataTypeParameters>,,</ownDataTypeParameters>
</Attribute>
</attributes>
<identifiers itemClass="oracle.dbtools.crest.model.design.logical.CandidateKey">
<identifier id="29E6A67A-1CEB-B9DA-8DEF-7CF7F4E26C6F" name="Color PK">
<createdBy>alumnom</createdBy>
<createdTime>2022-10-04 07:24:17 UTC</createdTime>
<ownerDesignName>base de datos2.0</ownerDesignName>
<engineerTo>
<item key="6EABDFCC-E35D-834C-7671-61A74610EE67" value="true"/>
</engineerTo>
<pk>true</pk>
<usedAttributes>
<attributeRef>BCD69A66-BFAB-505B-FDEC-207C4DAC5465</attributeRef>
</usedAttributes>
</identifier>
</identifiers>
</Entity>