<?xml version = '1.0' encoding = 'UTF-8'?>
<Entity class="oracle.dbtools.crest.model.design.logical.Entity" directorySegmentName="seg_0" id="A417FBB3-CAAA-DEA4-28EE-2B653999EFB2" name="Temporada">
<createdBy>alumnom</createdBy>
<createdTime>2022-10-04 06:40:22 UTC</createdTime>
<ownerDesignName>base de datos2.0</ownerDesignName>
<engineerTo>
<item key="6EABDFCC-E35D-834C-7671-61A74610EE67" value="true"/>
</engineerTo>
<adequatelyNormalized>NO</adequatelyNormalized>
<expectedVolumes>0</expectedVolumes>
<fwdEngineeringStrategyName>Single Table</fwdEngineeringStrategyName>
<growthPercent>0</growthPercent>
<growthType>Year</growthType>
<maxVolumes>9999999</maxVolumes>
<minVolumes>0</minVolumes>
<normalForm>Third</normalForm>
<attributes itemClass="oracle.dbtools.crest.model.design.logical.Attribute">
<Attribute name="año" id="DBE5452F-21F9-0066-9A7F-CC554125668E">
<createdBy>alumnom</createdBy>
<createdTime>2022-10-04 06:40:30 UTC</createdTime>
<ownerDesignName>base de datos2.0</ownerDesignName>
<engineerTo>
<item key="6EABDFCC-E35D-834C-7671-61A74610EE67" value="true"/>
</engineerTo>
<use>0</use>
<ownDataTypeParameters>,,</ownDataTypeParameters>
</Attribute>
</attributes>
<identifiers itemClass="oracle.dbtools.crest.model.design.logical.CandidateKey">
<identifier id="3C205735-5BF5-3FD3-90F8-4491F2E841EA" name="Temporada PK">
<createdBy>alumnom</createdBy>
<createdTime>2022-10-04 06:40:38 UTC</createdTime>
<ownerDesignName>base de datos2.0</ownerDesignName>
<engineerTo>
<item key="6EABDFCC-E35D-834C-7671-61A74610EE67" value="true"/>
</engineerTo>
<pk>true</pk>
<usedAttributes>
<attributeRef>DBE5452F-21F9-0066-9A7F-CC554125668E</attributeRef>
</usedAttributes>
</identifier>
</identifiers>
</Entity>