<?xml version = '1.0' encoding = 'UTF-8'?>
<Entity class="oracle.dbtools.crest.model.design.logical.Entity" directorySegmentName="seg_0" id="D2004A24-E0AB-2584-0010-32049D0C0DEE" name="Producto final">
<createdBy>alumnom</createdBy>
<createdTime>2022-10-04 06:41:26 UTC</createdTime>
<ownerDesignName>base de datos2.0</ownerDesignName>
<engineerTo>
<item key="6EABDFCC-E35D-834C-7671-61A74610EE67" value="true"/>
</engineerTo>
<adequatelyNormalized>NO</adequatelyNormalized>
<expectedVolumes>0</expectedVolumes>
<fwdEngineeringStrategyName>Single Table</fwdEngineeringStrategyName>
<growthPercent>0</growthPercent>
<growthType>Year</growthType>
<maxVolumes>9999999</maxVolumes>
<minVolumes>0</minVolumes>
<normalForm>Third</normalForm>
<attributes itemClass="oracle.dbtools.crest.model.design.logical.Attribute">
<Attribute name="ID producto final" id="7B9BC2CA-8C6C-6AB4-928F-2C3C24208D3E">
<createdBy>alumnom</createdBy>
<createdTime>2022-10-04 06:41:51 UTC</createdTime>
<ownerDesignName>base de datos2.0</ownerDesignName>
<engineerTo>
<item key="6EABDFCC-E35D-834C-7671-61A74610EE67" value="true"/>
</engineerTo>
<use>0</use>
<ownDataTypeParameters>,,</ownDataTypeParameters>
</Attribute>
<Attribute name="Precio total mueble (calculado)" id="6DD669A3-9004-7026-1DC8-40A6CF30F158">
<createdBy>alumnom</createdBy>
<createdTime>2022-10-04 06:42:07 UTC</createdTime>
<ownerDesignName>base de datos2.0</ownerDesignName>
<engineerTo>
<item key="6EABDFCC-E35D-834C-7671-61A74610EE67" value="true"/>
</engineerTo>
<nullsAllowed>true</nullsAllowed>
<use>0</use>
<ownDataTypeParameters>,,</ownDataTypeParameters>
</Attribute>
<Attribute name="ID modelo" id="3174DFD7-04D9-9315-69D3-8C699DDBC0B0">
<createdBy>alumnom</createdBy>
<createdTime>2022-10-04 07:20:14 UTC</createdTime>
<generatorID>1F70F5F0-81C5-C15B-AC7D-D0DD6AE1491E</generatorID>
<ownerDesignName>base de datos2.0</ownerDesignName>
<engineerTo>
<item key="6EABDFCC-E35D-834C-7671-61A74610EE67" value="true"/>
</engineerTo>
<referedAttribute>23B40DB6-DD26-29B4-2361-D44BB75DFE89</referedAttribute>
<use>0</use>
<ownDataTypeParameters>,,</ownDataTypeParameters>
</Attribute>
<Attribute name="ID pedido" id="E83238E4-1FDD-0643-30C9-640A6A1D5C70">
<createdBy>alumnom</createdBy>
<createdTime>2022-10-04 08:02:58 UTC</createdTime>
<generatorID>EE350F69-7924-2E34-F6A2-F65773724790</generatorID>
<ownerDesignName>base de datos2.0</ownerDesignName>
<engineerTo>
<item key="6EABDFCC-E35D-834C-7671-61A74610EE67" value="true"/>
</engineerTo>
<nullsAllowed>true</nullsAllowed>
<referedAttribute>2DE7B8ED-F74E-5EAF-EA2A-2C8F17F33550</referedAttribute>
<use>0</use>
<ownDataTypeParameters>,,</ownDataTypeParameters>
</Attribute>
<Attribute name="ID cristal" id="45A8351F-1B44-6D70-A09D-A368CC286DC3">
<createdBy>alumnom</createdBy>
<createdTime>2022-10-04 08:55:35 UTC</createdTime>
<generatorID>B49F418A-3692-3A01-245D-A1C6EBCFA6FA</generatorID>
<ownerDesignName>base de datos2.0</ownerDesignName>
<engineerTo>
<item key="6EABDFCC-E35D-834C-7671-61A74610EE67" value="true"/>
</engineerTo>
<nullsAllowed>true</nullsAllowed>
<referedAttribute>B452F2D4-371E-99A9-C4D0-42C9FE746326</referedAttribute>
<use>0</use>
<ownDataTypeParameters>,,</ownDataTypeParameters>
</Attribute>
<Attribute name="ID color" id="CC9D47FC-4BBC-CC15-2260-B33613372BFD">
<createdBy>alumnom</createdBy>
<createdTime>2022-10-04 08:55:43 UTC</createdTime>
<generatorID>6DA31746-1D66-3090-511B-C75ECAF80BE6</generatorID>
<ownerDesignName>base de datos2.0</ownerDesignName>
<engineerTo>
<item key="6EABDFCC-E35D-834C-7671-61A74610EE67" value="true"/>
</engineerTo>
<nullsAllowed>true</nullsAllowed>
<referedAttribute>BCD69A66-BFAB-505B-FDEC-207C4DAC5465</referedAttribute>
<use>0</use>
<ownDataTypeParameters>,,</ownDataTypeParameters>
</Attribute>
<Attribute name="ID dimensiones" id="BB1C52D1-2B41-362E-3D4F-E0950E5BDEC4">
<createdBy>alumnom</createdBy>
<createdTime>2022-10-04 08:56:08 UTC</createdTime>
<generatorID>D8B34E6E-3001-FAED-2382-EEB5EFD10A71</generatorID>
<ownerDesignName>base de datos2.0</ownerDesignName>
<engineerTo>
<item key="6EABDFCC-E35D-834C-7671-61A74610EE67" value="true"/>
</engineerTo>
<referedAttribute>22D17846-2F44-6CC3-6906-16FD46480A61</referedAttribute>
<use>0</use>
<ownDataTypeParameters>,,</ownDataTypeParameters>
</Attribute>
<Attribute name="ID entrega" id="2707FED5-2D38-FC95-EFF9-B338511411F8">
<createdBy>alumnom</createdBy>
<createdTime>2022-10-04 09:00:47 UTC</createdTime>
<generatorID>F8DE261D-BC99-C56F-8973-DA662118D1C3</generatorID>
<ownerDesignName>base de datos2.0</ownerDesignName>
<engineerTo>
<item key="6EABDFCC-E35D-834C-7671-61A74610EE67" value="true"/>
</engineerTo>
<nullsAllowed>true</nullsAllowed>
<referedAttribute>27E756AB-9272-0A72-7EE6-C160B8830D42</referedAttribute>
<use>0</use>
<ownDataTypeParameters>,,</ownDataTypeParameters>
</Attribute>
</attributes>
<identifiers itemClass="oracle.dbtools.crest.model.design.logical.CandidateKey">
<identifier id="8E2DAC99-B080-9191-EFB1-1B48241D86FE" name="Producto final PK">
<createdBy>alumnom</createdBy>
<createdTime>2022-10-04 06:42:05 UTC</createdTime>
<ownerDesignName>base de datos2.0</ownerDesignName>
<engineerTo>
<item key="6EABDFCC-E35D-834C-7671-61A74610EE67" value="true"/>
</engineerTo>
<pk>true</pk>
<usedAttributes>
<attributeRef>7B9BC2CA-8C6C-6AB4-928F-2C3C24208D3E</attributeRef>
</usedAttributes>
</identifier>
</identifiers>
</Entity>