<?xml version = '1.0' encoding = 'UTF-8'?>
<relationalModel class="oracle.dbtools.crest.model.design.relational.RelationalDesign" name="Relational_1" id="6EABDFCC-E35D-834C-7671-61A74610EE67" mainViewID="10D6D853-B5E5-AA35-3138-5EB75654EF72">
<createdBy>alumnom</createdBy>
<createdTime>2022-10-04 06:34:47 UTC</createdTime>
<ownerDesignName>base de datos2.0</ownerDesignName>
<shouldBeOpen>false</shouldBeOpen>
<selectedRDBMSSite>32076570-2523-435C-2E92-BF29817DFF70</selectedRDBMSSite>
</relationalModel>