
Insert into USUARIO (TELEFONO,NICK) values ('11111111','Pepe');
Insert into USUARIO (TELEFONO,NICK) values ('22222222','Maria');
Insert into USUARIO (TELEFONO,NICK) values ('33333333','Juan');
Insert into USUARIO (TELEFONO,NICK) values ('44444444','Susana');
Insert into CONTACTOS (USUARIO_TELEFONO,USUARIO_TELEFONO1) values ('11111111','22222222');
Insert into CONTACTOS (USUARIO_TELEFONO,USUARIO_TELEFONO1) values ('11111111','33333333');
Insert into CONTACTOS (USUARIO_TELEFONO,USUARIO_TELEFONO1) values ('11111111','44444444');
Insert into CONTACTOS (USUARIO_TELEFONO,USUARIO_TELEFONO1) values ('22222222','11111111');
Insert into CONTACTOS (USUARIO_TELEFONO,USUARIO_TELEFONO1) values ('33333333','11111111');
Insert into CONTACTOS (USUARIO_TELEFONO,USUARIO_TELEFONO1) values ('33333333','44444444');
Insert into CONTACTOS (USUARIO_TELEFONO,USUARIO_TELEFONO1) values ('44444444','33333333');
Insert into GRUPO (NOMBRE,USUARIO_TELEFONO) values ('Cosas de ASIR','11111111');
Insert into GRUPO (NOMBRE,USUARIO_TELEFONO) values ('Viaje a la nieve','33333333');
Insert into GRUPO (NOMBRE,USUARIO_TELEFONO) values ('Pepe-Maria','11111111');
Insert into GRUPO (NOMBRE,USUARIO_TELEFONO) values ('Susana-Juan','44444444');
Insert into PERTENECE (USUARIO_TELEFONO,GRUPO_NOMBRE) values ('11111111','Viaje a la nieve');
Insert into PERTENECE (USUARIO_TELEFONO,GRUPO_NOMBRE) values ('22222222','Cosas de ASIR');
Insert into PERTENECE (USUARIO_TELEFONO,GRUPO_NOMBRE) values ('22222222','Pepe-Maria');
Insert into PERTENECE (USUARIO_TELEFONO,GRUPO_NOMBRE) values ('33333333','Cosas de ASIR');
Insert into PERTENECE (USUARIO_TELEFONO,GRUPO_NOMBRE) values ('44444444','Cosas de ASIR');
Insert into PERTENECE (USUARIO_TELEFONO,GRUPO_NOMBRE) values ('44444444','Susana-Juan');
Insert into PERTENECE (USUARIO_TELEFONO,GRUPO_NOMBRE) values ('44444444','Viaje a la nieve');
Insert into MENSAJE (TEXTO,ID_MENSAJE,USUARIO_TELEFONO) values ('Vamos a hacer un grupo de ASIR','1','11111111');
Insert into MENSAJE (TEXTO,ID_MENSAJE,USUARIO_TELEFONO) values ('Vale','2','22222222');
Insert into MENSAJE (TEXTO,ID_MENSAJE,USUARIO_TELEFONO) values ('¿Te apuntas a la nieve?','3','44444444');
Insert into MENSAJE (TEXTO,ID_MENSAJE,USUARIO_TELEFONO) values ('Me apunto','4','33333333');
Insert into MENSAJE (TEXTO,ID_MENSAJE,USUARIO_TELEFONO) values ('Hoy el profesor Iñaki no viene','5','11111111');
Insert into MENSAJE (TEXTO,ID_MENSAJE,USUARIO_TELEFONO) values ('Pues ya estoy en el insti :(','6','22222222');
Insert into MENSAJE (TEXTO,ID_MENSAJE,USUARIO_TELEFONO) values ('El sábado no puedo','7','33333333');
Insert into SMS (MENSAJE_ID_MENSAJE,GRUPO_NOMBRE) values ('1','Pepe-Maria');
Insert into SMS (MENSAJE_ID_MENSAJE,GRUPO_NOMBRE) values ('2','Pepe-Maria');
Insert into SMS (MENSAJE_ID_MENSAJE,GRUPO_NOMBRE) values ('3','Susana-Juan');
Insert into SMS (MENSAJE_ID_MENSAJE,GRUPO_NOMBRE) values ('4','Susana-Juan');
Insert into SMS (MENSAJE_ID_MENSAJE,GRUPO_NOMBRE) values ('5','Cosas de ASIR');
Insert into SMS (MENSAJE_ID_MENSAJE,GRUPO_NOMBRE) values ('6','Cosas de ASIR');
Insert into SMS (MENSAJE_ID_MENSAJE,GRUPO_NOMBRE) values ('7','Viaje a la nieve');
INSERT INTO LEIDO_RECIBIDO (USUARIO_TELEFONO, MENSAJE_ID_MENSAJE, LEIDO, RECIBIDO) VALUES ('22222222', '1', '1', '1');
INSERT INTO LEIDO_RECIBIDO (USUARIO_TELEFONO, MENSAJE_ID_MENSAJE, LEIDO, RECIBIDO) VALUES ('11111111', '2', '1', '1');
INSERT INTO LEIDO_RECIBIDO (USUARIO_TELEFONO, MENSAJE_ID_MENSAJE, LEIDO, RECIBIDO) VALUES ('33333333', '3', '0', '1');
INSERT INTO LEIDO_RECIBIDO (USUARIO_TELEFONO, MENSAJE_ID_MENSAJE, LEIDO, RECIBIDO) VALUES ('44444444', '4', '0', '0');
INSERT INTO LEIDO_RECIBIDO (USUARIO_TELEFONO, MENSAJE_ID_MENSAJE, LEIDO, RECIBIDO) VALUES ('22222222', '5', '1', '1');
INSERT INTO LEIDO_RECIBIDO (USUARIO_TELEFONO, MENSAJE_ID_MENSAJE, LEIDO, RECIBIDO) VALUES ('44444444', '5', '1', '1');
INSERT INTO LEIDO_RECIBIDO (USUARIO_TELEFONO, MENSAJE_ID_MENSAJE, LEIDO, RECIBIDO) VALUES ('33333333', '5', '1', '1');
INSERT INTO LEIDO_RECIBIDO (USUARIO_TELEFONO, MENSAJE_ID_MENSAJE, LEIDO, RECIBIDO) VALUES ('11111111', '6', '0', '1');
INSERT INTO LEIDO_RECIBIDO (USUARIO_TELEFONO, MENSAJE_ID_MENSAJE, LEIDO, RECIBIDO) VALUES ('33333333', '6', '0', '1');
INSERT INTO LEIDO_RECIBIDO (USUARIO_TELEFONO, MENSAJE_ID_MENSAJE, LEIDO, RECIBIDO) VALUES ('44444444', '6', '0', '1');
INSERT INTO LEIDO_RECIBIDO (USUARIO_TELEFONO, MENSAJE_ID_MENSAJE, LEIDO, RECIBIDO) VALUES ('11111111', '7', '1', '1');
INSERT INTO LEIDO_RECIBIDO (USUARIO_TELEFONO, MENSAJE_ID_MENSAJE, LEIDO, RECIBIDO) VALUES ('44444444', '7', '0', '0');
