<?xml version = '1.0' encoding = 'UTF-8'?>
<Diagram class="oracle.dbtools.crest.swingui.logical.DPVLogical" name="Logical" id="3BC60D2D-B98C-7018-D572-486E2BC3CFCD">
<createdBy>alumnom</createdBy>
<modifiedBy>alumnom</modifiedBy>
<createdTime>2022-10-04 06:34:42 UTC</createdTime>
<autoRoute>false</autoRoute>
<boxInbox>true</boxInbox>
<showLegend>false</showLegend>
<showLabels>false</showLabels>
<showRelAttributes>false</showRelAttributes>
<gridEnabled>false</gridEnabled>
<showGrid>false</showGrid>
<diagramColor>-1</diagramColor>
<display>false</display>
<notation>1</notation>
<objectViews>
<OView class="oracle.dbtools.crest.swingui.logical.TVEntity" oid="024658FA-4971-D6D7-DA96-9F88B6A93650" otype="Entity" vid="3C86D978-33C2-89B2-EA9B-D3896F7CDD73">
<hideElementsInCurrentOnly>false</hideElementsInCurrentOnly>
<bounds x="679" y="68" width="120" height="89"/>
</OView>
<OView class="oracle.dbtools.crest.swingui.logical.TVEntity" oid="0E72BF45-8DAF-F012-2836-52C4C1B741AF" otype="Entity" vid="304EDE33-2BF1-5D36-BA64-CFFDAAF4FD49">
<hideElementsInCurrentOnly>false</hideElementsInCurrentOnly>
<bounds x="197" y="278" width="101" height="72"/>
</OView>
<OView class="oracle.dbtools.crest.swingui.TVNote" oid="1CAB6780-47CC-8E78-600F-2E1316FDC751" otype="Note" vid="229E54B0-C5D2-FCDA-CD8C-433DE7553931">
<hideElementsInCurrentOnly>false</hideElementsInCurrentOnly>
<bounds x="588" y="285" width="67" height="36"/>
<comment>Cantidad producto
</comment>
</OView>
<OView class="oracle.dbtools.crest.swingui.logical.TVEntity" oid="3413192F-4A64-7DC6-8EE3-0C5C91182C3A" otype="Entity" vid="9C9FE636-8BC2-AB89-255B-0F162FAEF6FA">
<hideElementsInCurrentOnly>false</hideElementsInCurrentOnly>
<bounds x="664" y="291" width="165" height="66"/>
</OView>
<OView class="oracle.dbtools.crest.swingui.logical.TVEntity" oid="45F8AC11-603A-8CE0-A23B-41365A9CAF7D" otype="Entity" vid="FCE94217-6E13-059B-2F15-FF9663022D20">
<hideElementsInCurrentOnly>false</hideElementsInCurrentOnly>
<bounds x="404" y="77" width="158" height="85"/>
</OView>
<OView class="oracle.dbtools.crest.swingui.logical.TVEntity" oid="69C155F2-A857-2403-EAD3-0B41773830F8" otype="Entity" vid="F4191A0D-8980-A510-E71B-E43A7F60D457">
<hideElementsInCurrentOnly>false</hideElementsInCurrentOnly>
<bounds x="193" y="460" width="95" height="62"/>
</OView>
<OView class="oracle.dbtools.crest.swingui.logical.TVEntity" oid="7DEDB47B-80CA-37BA-257E-5EC8628A3961" otype="Entity" vid="9013F454-C91D-7EB5-6D2B-BD23AECBED6E">
<hideElementsInCurrentOnly>false</hideElementsInCurrentOnly>
<bounds x="705" y="457" width="124" height="72"/>
</OView>
<OView class="oracle.dbtools.crest.swingui.logical.TVEntity" oid="8060CBC3-7589-CC5B-32EB-AA4F326DBDA9" otype="Entity" vid="B2EA4AD8-B9AC-ACB5-71D7-3E26C715256F">
<hideElementsInCurrentOnly>false</hideElementsInCurrentOnly>
<bounds x="377" y="440" width="113" height="50"/>
</OView>
<OView class="oracle.dbtools.crest.swingui.TVNote" oid="845B28A4-A39E-39BD-FB1B-015E0D012E3F" otype="Note" vid="13A3AB45-4C20-D9EF-7402-175BC29D563C">
<hideElementsInCurrentOnly>false</hideElementsInCurrentOnly>
<bounds x="96" y="360" width="95" height="66"/>
<comment>Puede ser 
de 1 o de ninguna colección
</comment>
</OView>
<OView class="oracle.dbtools.crest.swingui.logical.TVEntity" oid="995BDF8D-8633-D2DE-8835-755751244B6C" otype="Entity" vid="5545E031-B2D9-7CA1-727E-0DBD366D333E">
<hideElementsInCurrentOnly>false</hideElementsInCurrentOnly>
<bounds x="458" y="505" width="116" height="49"/>
</OView>
<OView class="oracle.dbtools.crest.swingui.logical.TVEntity" oid="A417FBB3-CAAA-DEA4-28EE-2B653999EFB2" otype="Entity" vid="ED40CB91-A4F1-CED2-5116-992105E7A62B">
<hideElementsInCurrentOnly>false</hideElementsInCurrentOnly>
<bounds x="194" y="70" width="140" height="71"/>
</OView>
<OView class="oracle.dbtools.crest.swingui.logical.TVEntity" oid="D2004A24-E0AB-2584-0010-32049D0C0DEE" otype="Entity" vid="FB5C0CED-A1B7-F4E9-E525-14A3989AB107">
<hideElementsInCurrentOnly>false</hideElementsInCurrentOnly>
<bounds x="396" y="294" width="185" height="67"/>
</OView>
</objectViews>
<connectors>
<Connector class="oracle.dbtools.crest.swingui.logical.TVRelation" oid="087F496B-E963-3283-2D67-8E43DB546D09" otype="Relation" vid_source="9C9FE636-8BC2-AB89-255B-0F162FAEF6FA" vid_target="9013F454-C91D-7EB5-6D2B-BD23AECBED6E">
<hideElementsInCurrentOnly>false</hideElementsInCurrentOnly>
<backgroundColor>-16777216</backgroundColor>
<lineWidth>1</lineWidth>
<points>
<point x="767" y="357"/>
<point x="767" y="457"/>
</points>
</Connector>
<Connector class="oracle.dbtools.crest.swingui.logical.TVRelation" oid="1F70F5F0-81C5-C15B-AC7D-D0DD6AE1491E" otype="Relation" vid_source="304EDE33-2BF1-5D36-BA64-CFFDAAF4FD49" vid_target="FB5C0CED-A1B7-F4E9-E525-14A3989AB107">
<hideElementsInCurrentOnly>false</hideElementsInCurrentOnly>
<backgroundColor>-16777216</backgroundColor>
<lineWidth>1</lineWidth>
<points>
<point x="298" y="337"/>
<point x="396" y="337"/>
</points>
</Connector>
<Connector class="oracle.dbtools.crest.swingui.logical.TVRelation" oid="4D451345-563B-B824-EF1C-AC325B94E347" otype="Relation" vid_source="F4191A0D-8980-A510-E71B-E43A7F60D457" vid_target="5545E031-B2D9-7CA1-727E-0DBD366D333E">
<hideElementsInCurrentOnly>false</hideElementsInCurrentOnly>
<backgroundColor>-16777216</backgroundColor>
<lineWidth>1</lineWidth>
<points>
<point x="288" y="513"/>
<point x="458" y="513"/>
</points>
</Connector>
<Connector class="oracle.dbtools.crest.swingui.logical.TVRelation" oid="4E5ECAEC-D8D4-09C0-FD1C-2B98E870F43A" otype="Relation" vid_source="304EDE33-2BF1-5D36-BA64-CFFDAAF4FD49" vid_target="FCE94217-6E13-059B-2F15-FF9663022D20">
<hideElementsInCurrentOnly>false</hideElementsInCurrentOnly>
<backgroundColor>-16777216</backgroundColor>
<lineWidth>1</lineWidth>
<points>
<point x="291" y="278"/>
<point x="446" y="162"/>
</points>
</Connector>
<Connector class="oracle.dbtools.crest.swingui.logical.TVRelation" oid="530A4C7F-85FF-3A0F-92E4-8C0C644190E9" otype="Relation" vid_source="304EDE33-2BF1-5D36-BA64-CFFDAAF4FD49" vid_target="ED40CB91-A4F1-CED2-5116-992105E7A62B">
<hideElementsInCurrentOnly>false</hideElementsInCurrentOnly>
<backgroundColor>-16777216</backgroundColor>
<lineWidth>1</lineWidth>
<points>
<point x="247" y="278"/>
<point x="247" y="141"/>
</points>
</Connector>
<Connector class="oracle.dbtools.crest.swingui.logical.TVRelation" oid="6DA31746-1D66-3090-511B-C75ECAF80BE6" otype="Relation" vid_source="FB5C0CED-A1B7-F4E9-E525-14A3989AB107" vid_target="B2EA4AD8-B9AC-ACB5-71D7-3E26C715256F">
<hideElementsInCurrentOnly>false</hideElementsInCurrentOnly>
<backgroundColor>-16777216</backgroundColor>
<lineWidth>1</lineWidth>
<points>
<point x="473" y="361"/>
<point x="473" y="440"/>
</points>
</Connector>
<Connector class="oracle.dbtools.crest.swingui.logical.TVRelation" oid="8D946970-BF83-4335-E9A8-2FA324DABD54" otype="Relation" vid_source="F4191A0D-8980-A510-E71B-E43A7F60D457" vid_target="B2EA4AD8-B9AC-ACB5-71D7-3E26C715256F">
<hideElementsInCurrentOnly>false</hideElementsInCurrentOnly>
<backgroundColor>-16777216</backgroundColor>
<lineWidth>1</lineWidth>
<points>
<point x="288" y="475"/>
<point x="377" y="475"/>
</points>
</Connector>
<Connector class="oracle.dbtools.crest.swingui.logical.TVRelation" oid="B49F418A-3692-3A01-245D-A1C6EBCFA6FA" otype="Relation" vid_source="FB5C0CED-A1B7-F4E9-E525-14A3989AB107" vid_target="5545E031-B2D9-7CA1-727E-0DBD366D333E">
<hideElementsInCurrentOnly>false</hideElementsInCurrentOnly>
<backgroundColor>-16777216</backgroundColor>
<lineWidth>1</lineWidth>
<points>
<point x="516" y="361"/>
<point x="516" y="505"/>
</points>
</Connector>
<Connector class="oracle.dbtools.crest.swingui.logical.TVRelation" oid="B79B5FE7-FC52-6EFC-E769-F67C859ACE75" otype="Relation" vid_source="3C86D978-33C2-89B2-EA9B-D3896F7CDD73" vid_target="9C9FE636-8BC2-AB89-255B-0F162FAEF6FA">
<hideElementsInCurrentOnly>false</hideElementsInCurrentOnly>
<backgroundColor>-16777216</backgroundColor>
<lineWidth>1</lineWidth>
<points>
<point x="754" y="157"/>
<point x="754" y="291"/>
</points>
</Connector>
<Connector class="oracle.dbtools.crest.swingui.logical.TVRelation" oid="D8B34E6E-3001-FAED-2382-EEB5EFD10A71" otype="Relation" vid_source="FCE94217-6E13-059B-2F15-FF9663022D20" vid_target="FB5C0CED-A1B7-F4E9-E525-14A3989AB107">
<hideElementsInCurrentOnly>false</hideElementsInCurrentOnly>
<backgroundColor>-16777216</backgroundColor>
<lineWidth>1</lineWidth>
<points>
<point x="498" y="162"/>
<point x="498" y="294"/>
</points>
</Connector>
<Connector class="oracle.dbtools.crest.swingui.logical.TVRelation" oid="E785B427-12C8-5F46-3E2E-09BEB5582136" otype="Relation" vid_source="F4191A0D-8980-A510-E71B-E43A7F60D457" vid_target="304EDE33-2BF1-5D36-BA64-CFFDAAF4FD49">
<hideElementsInCurrentOnly>false</hideElementsInCurrentOnly>
<backgroundColor>-16777216</backgroundColor>
<lineWidth>1</lineWidth>
<points>
<point x="242" y="460"/>
<point x="242" y="350"/>
</points>
</Connector>
<Connector class="oracle.dbtools.crest.swingui.logical.TVRelation" oid="EE350F69-7924-2E34-F6A2-F65773724790" otype="Relation" vid_source="FB5C0CED-A1B7-F4E9-E525-14A3989AB107" vid_target="9C9FE636-8BC2-AB89-255B-0F162FAEF6FA">
<hideElementsInCurrentOnly>false</hideElementsInCurrentOnly>
<backgroundColor>-16777216</backgroundColor>
<lineWidth>1</lineWidth>
<points>
<point x="581" y="325"/>
<point x="664" y="325"/>
</points>
</Connector>
<Connector class="oracle.dbtools.crest.swingui.logical.TVRelation" oid="F8DE261D-BC99-C56F-8973-DA662118D1C3" otype="Relation" vid_source="FB5C0CED-A1B7-F4E9-E525-14A3989AB107" vid_target="9013F454-C91D-7EB5-6D2B-BD23AECBED6E">
<hideElementsInCurrentOnly>false</hideElementsInCurrentOnly>
<backgroundColor>-16777216</backgroundColor>
<lineWidth>1</lineWidth>
<points>
<point x="544" y="361"/>
<point x="706" y="457"/>
</points>
</Connector>
</connectors>
</Diagram>