<?xml version = '1.0' encoding = 'UTF-8'?>
<Diagram class="oracle.dbtools.crest.swingui.relational.DPVRelational" name="Relational_1" id="10D6D853-B5E5-AA35-3138-5EB75654EF72">
<createdBy>alumnom</createdBy>
<modifiedBy>alumnom</modifiedBy>
<createdTime>2022-10-04 07:00:32 UTC</createdTime>
<autoRoute>false</autoRoute>
<boxInbox>true</boxInbox>
<showLegend>false</showLegend>
<showLabels>false</showLabels>
<showRelAttributes>false</showRelAttributes>
<gridEnabled>false</gridEnabled>
<showGrid>false</showGrid>
<diagramColor>-1</diagramColor>
<display>false</display>
<notation>1</notation>
<objectViews>
<OView class="oracle.dbtools.crest.swingui.relational.TVTable" oid="04A875B7-BA7A-DA2C-9F96-CAA94FDA8B3E" otype="Table" vid="E06D9199-D9B7-9C6D-E48E-AFF27E00B8E4">
<hideElementsInCurrentOnly>false</hideElementsInCurrentOnly>
<bounds x="235" y="159" width="170" height="110"/>
</OView>
<OView class="oracle.dbtools.crest.swingui.relational.TVTable" oid="074D5A8E-F41C-C981-6D03-8B1AAC9B433A" otype="Table" vid="D28B073F-6E31-819D-EA8B-069894E374E7">
<hideElementsInCurrentOnly>false</hideElementsInCurrentOnly>
<bounds x="16" y="135" width="170" height="110"/>
</OView>
<OView class="oracle.dbtools.crest.swingui.relational.TVTable" oid="185C007E-D0BE-EFAC-287F-D0543E759CC9" otype="Table" vid="53083ED3-999A-EA53-F62B-3DDBE6EF98BA">
<hideElementsInCurrentOnly>false</hideElementsInCurrentOnly>
<bounds x="68" y="278" width="101" height="107"/>
</OView>
<OView class="oracle.dbtools.crest.swingui.relational.TVTable" oid="31EDB410-D30C-A864-162B-2AA9223ED863" otype="Table" vid="91126A02-7303-7B3E-6D60-9E6A0D4B0A79">
<hideElementsInCurrentOnly>false</hideElementsInCurrentOnly>
<bounds x="237" y="532" width="170" height="110"/>
</OView>
<OView class="oracle.dbtools.crest.swingui.relational.TVTable" oid="55D2D5B8-CC1F-ED38-11E1-3C89C941A776" otype="Table" vid="98BB6E18-0FAC-B412-D13A-F23700213ED7">
<hideElementsInCurrentOnly>false</hideElementsInCurrentOnly>
<bounds x="33" y="16" width="140" height="71"/>
</OView>
<OView class="oracle.dbtools.crest.swingui.relational.TVTable" oid="666FB587-B565-6F72-2CC9-94210FE9C8F5" otype="Table" vid="66C4EDB1-3ECA-C613-1DCA-A838958FFB43">
<hideElementsInCurrentOnly>false</hideElementsInCurrentOnly>
<bounds x="77" y="641" width="95" height="62"/>
</OView>
<OView class="oracle.dbtools.crest.swingui.relational.TVTable" oid="69D5CCA5-6767-90BB-A9C5-C96121BA7110" otype="Table" vid="870F11F5-A3D2-1000-2CF6-C68B2E4B4811">
<hideElementsInCurrentOnly>false</hideElementsInCurrentOnly>
<bounds x="291" y="451" width="113" height="50"/>
</OView>
<OView class="oracle.dbtools.crest.swingui.relational.TVTable" oid="91CB07D0-A702-D23C-BCCB-1C1000596974" otype="Table" vid="56157A6E-BD1B-7F2A-F82D-D75E7C7C0BE2">
<hideElementsInCurrentOnly>false</hideElementsInCurrentOnly>
<bounds x="664" y="291" width="220" height="124"/>
</OView>
<OView class="oracle.dbtools.crest.swingui.relational.TVTable" oid="B9643084-A0CD-9F42-0DB9-500070E30F2B" otype="Table" vid="325ABAE3-F9B5-0963-D093-9522F0AE691D">
<hideElementsInCurrentOnly>false</hideElementsInCurrentOnly>
<bounds x="438" y="451" width="116" height="49"/>
</OView>
<OView class="oracle.dbtools.crest.swingui.relational.TVTable" oid="C68DD7FE-3ACC-9B6A-0D15-FD2A8865B25A" otype="Table" vid="9446EDB3-6B75-8D6D-69C3-8C9BE101228C">
<hideElementsInCurrentOnly>false</hideElementsInCurrentOnly>
<bounds x="715" y="500" width="124" height="129"/>
</OView>
<OView class="oracle.dbtools.crest.swingui.relational.TVTable" oid="E52F8A77-8433-78B9-BEC1-226B017B6D50" otype="Table" vid="19757FB9-29EF-C145-6717-379401DC9B98">
<hideElementsInCurrentOnly>false</hideElementsInCurrentOnly>
<bounds x="398" y="21" width="158" height="85"/>
</OView>
<OView class="oracle.dbtools.crest.swingui.relational.TVTable" oid="F0532DEB-586A-7BA6-7AE3-A08C9AAE6D19" otype="Table" vid="13ADF3A3-79CA-283B-A3AD-F99939056137">
<hideElementsInCurrentOnly>false</hideElementsInCurrentOnly>
<bounds x="371" y="272" width="185" height="148"/>
</OView>
<OView class="oracle.dbtools.crest.swingui.relational.TVTable" oid="FC8E4D42-556F-7478-AEDA-1681F46E100B" otype="Table" vid="3D381056-D0AD-E026-6780-A76CB6A3173D">
<hideElementsInCurrentOnly>false</hideElementsInCurrentOnly>
<bounds x="755" y="24" width="120" height="89"/>
</OView>
<OView class="oracle.dbtools.crest.swingui.relational.TVTable" oid="FCC59282-1382-5BD9-4107-6D457A8D8101" otype="Table" vid="1EEFC56E-189C-2B5B-7CAE-42C025DD16A9">
<hideElementsInCurrentOnly>false</hideElementsInCurrentOnly>
<bounds x="461" y="601" width="170" height="110"/>
</OView>
</objectViews>
<connectors>
<Connector class="oracle.dbtools.crest.swingui.relational.TVFKRelation" oid="069DFD46-FB8D-F4E0-B1EE-CA5D0990D192" otype="FKIndexAssociation" vid_source="325ABAE3-F9B5-0963-D093-9522F0AE691D" vid_target="1EEFC56E-189C-2B5B-7CAE-42C025DD16A9">
<hideElementsInCurrentOnly>false</hideElementsInCurrentOnly>
<backgroundColor>-16777216</backgroundColor>
<lineWidth>1</lineWidth>
<points>
<point x="492" y="500"/>
<point x="492" y="601"/>
</points>
</Connector>
<Connector class="oracle.dbtools.crest.swingui.relational.TVFKRelation" oid="0B0D6774-0C0A-AED9-9042-DC67CE105C01" otype="FKIndexAssociation" vid_source="870F11F5-A3D2-1000-2CF6-C68B2E4B4811" vid_target="13ADF3A3-79CA-283B-A3AD-F99939056137">
<hideElementsInCurrentOnly>false</hideElementsInCurrentOnly>
<backgroundColor>-16777216</backgroundColor>
<lineWidth>1</lineWidth>
<points>
<point x="387" y="451"/>
<point x="387" y="420"/>
</points>
</Connector>
<Connector class="oracle.dbtools.crest.swingui.relational.TVFKRelation" oid="160E2CB9-AE04-7D57-B495-24AD46826829" otype="FKIndexAssociation" vid_source="53083ED3-999A-EA53-F62B-3DDBE6EF98BA" vid_target="D28B073F-6E31-819D-EA8B-069894E374E7">
<hideElementsInCurrentOnly>false</hideElementsInCurrentOnly>
<backgroundColor>-16777216</backgroundColor>
<lineWidth>1</lineWidth>
<points>
<point x="118" y="278"/>
<point x="118" y="245"/>
</points>
</Connector>
<Connector class="oracle.dbtools.crest.swingui.relational.TVFKRelation" oid="16884599-6076-F81C-2592-B1395841AF36" otype="FKIndexAssociation" vid_source="56157A6E-BD1B-7F2A-F82D-D75E7C7C0BE2" vid_target="13ADF3A3-79CA-283B-A3AD-F99939056137">
<hideElementsInCurrentOnly>false</hideElementsInCurrentOnly>
<backgroundColor>-16777216</backgroundColor>
<lineWidth>1</lineWidth>
<points>
<point x="664" y="353"/>
<point x="556" y="353"/>
</points>
</Connector>
<Connector class="oracle.dbtools.crest.swingui.relational.TVFKRelation" oid="1DF171F5-4213-09DE-D2B7-AF6F9F300A64" otype="FKIndexAssociation" vid_source="9446EDB3-6B75-8D6D-69C3-8C9BE101228C" vid_target="13ADF3A3-79CA-283B-A3AD-F99939056137">
<hideElementsInCurrentOnly>false</hideElementsInCurrentOnly>
<backgroundColor>-16777216</backgroundColor>
<lineWidth>1</lineWidth>
<points>
<point x="715" y="521"/>
<point x="556" y="410"/>
</points>
</Connector>
<Connector class="oracle.dbtools.crest.swingui.relational.TVFKRelation" oid="2D947AAB-6730-E715-F100-2F1ABB4F9E97" otype="FKIndexAssociation" vid_source="870F11F5-A3D2-1000-2CF6-C68B2E4B4811" vid_target="91126A02-7303-7B3E-6D60-9E6A0D4B0A79">
<hideElementsInCurrentOnly>false</hideElementsInCurrentOnly>
<backgroundColor>-16777216</backgroundColor>
<lineWidth>1</lineWidth>
<points>
<point x="347" y="501"/>
<point x="347" y="532"/>
</points>
</Connector>
<Connector class="oracle.dbtools.crest.swingui.relational.TVFKRelation" oid="31E44DE0-3173-78EB-B653-2B75054ABFA3" otype="FKIndexAssociation" vid_source="325ABAE3-F9B5-0963-D093-9522F0AE691D" vid_target="13ADF3A3-79CA-283B-A3AD-F99939056137">
<hideElementsInCurrentOnly>false</hideElementsInCurrentOnly>
<backgroundColor>-16777216</backgroundColor>
<lineWidth>1</lineWidth>
<points>
<point x="496" y="451"/>
<point x="496" y="420"/>
</points>
</Connector>
<Connector class="oracle.dbtools.crest.swingui.relational.TVFKRelation" oid="345123FA-27B2-E798-C6AF-DD4F52A165C0" otype="FKIndexAssociation" vid_source="98BB6E18-0FAC-B412-D13A-F23700213ED7" vid_target="D28B073F-6E31-819D-EA8B-069894E374E7">
<hideElementsInCurrentOnly>false</hideElementsInCurrentOnly>
<backgroundColor>-16777216</backgroundColor>
<lineWidth>1</lineWidth>
<points>
<point x="103" y="87"/>
<point x="103" y="135"/>
</points>
</Connector>
<Connector class="oracle.dbtools.crest.swingui.relational.TVFKRelation" oid="51B45706-05EC-A3D7-12F0-AC18945F949E" otype="FKIndexAssociation" vid_source="66C4EDB1-3ECA-C613-1DCA-A838958FFB43" vid_target="1EEFC56E-189C-2B5B-7CAE-42C025DD16A9">
<hideElementsInCurrentOnly>false</hideElementsInCurrentOnly>
<backgroundColor>-16777216</backgroundColor>
<lineWidth>1</lineWidth>
<points>
<point x="172" y="672"/>
<point x="461" y="672"/>
</points>
</Connector>
<Connector class="oracle.dbtools.crest.swingui.relational.TVFKRelation" oid="5C4C6DC5-DD10-3EB4-9066-3AEADF1B9E9F" otype="FKIndexAssociation" vid_source="56157A6E-BD1B-7F2A-F82D-D75E7C7C0BE2" vid_target="9446EDB3-6B75-8D6D-69C3-8C9BE101228C">
<hideElementsInCurrentOnly>false</hideElementsInCurrentOnly>
<backgroundColor>-16777216</backgroundColor>
<lineWidth>1</lineWidth>
<points>
<point x="777" y="415"/>
<point x="777" y="500"/>
</points>
</Connector>
<Connector class="oracle.dbtools.crest.swingui.relational.TVFKRelation" oid="602AAB23-2A35-214A-39A6-754FB061B334" otype="FKIndexAssociation" vid_source="66C4EDB1-3ECA-C613-1DCA-A838958FFB43" vid_target="53083ED3-999A-EA53-F62B-3DDBE6EF98BA">
<hideElementsInCurrentOnly>false</hideElementsInCurrentOnly>
<backgroundColor>-16777216</backgroundColor>
<lineWidth>1</lineWidth>
<points>
<point x="123" y="641"/>
<point x="123" y="385"/>
</points>
</Connector>
<Connector class="oracle.dbtools.crest.swingui.relational.TVFKRelation" oid="6641ABCA-AB7A-443E-5717-2108D0313839" otype="FKIndexAssociation" vid_source="66C4EDB1-3ECA-C613-1DCA-A838958FFB43" vid_target="91126A02-7303-7B3E-6D60-9E6A0D4B0A79">
<hideElementsInCurrentOnly>false</hideElementsInCurrentOnly>
<backgroundColor>-16777216</backgroundColor>
<lineWidth>1</lineWidth>
<points>
<point x="172" y="641"/>
<point x="237" y="641"/>
</points>
</Connector>
<Connector class="oracle.dbtools.crest.swingui.relational.TVFKRelation" oid="9882A8DF-0729-FCC4-D63D-B2904531A95B" otype="FKIndexAssociation" vid_source="53083ED3-999A-EA53-F62B-3DDBE6EF98BA" vid_target="13ADF3A3-79CA-283B-A3AD-F99939056137">
<hideElementsInCurrentOnly>false</hideElementsInCurrentOnly>
<backgroundColor>-16777216</backgroundColor>
<lineWidth>1</lineWidth>
<points>
<point x="169" y="331"/>
<point x="371" y="331"/>
</points>
</Connector>
<Connector class="oracle.dbtools.crest.swingui.relational.TVFKRelation" oid="98BB3855-603A-BF95-394D-F953220CC4B8" otype="FKIndexAssociation" vid_source="19757FB9-29EF-C145-6717-379401DC9B98" vid_target="13ADF3A3-79CA-283B-A3AD-F99939056137">
<hideElementsInCurrentOnly>false</hideElementsInCurrentOnly>
<backgroundColor>-16777216</backgroundColor>
<lineWidth>1</lineWidth>
<points>
<point x="477" y="106"/>
<point x="477" y="272"/>
</points>
</Connector>
<Connector class="oracle.dbtools.crest.swingui.relational.TVFKRelation" oid="B44A05C1-5C8E-C0A1-2601-115D0D34BEDB" otype="FKIndexAssociation" vid_source="19757FB9-29EF-C145-6717-379401DC9B98" vid_target="E06D9199-D9B7-9C6D-E48E-AFF27E00B8E4">
<hideElementsInCurrentOnly>false</hideElementsInCurrentOnly>
<backgroundColor>-16777216</backgroundColor>
<lineWidth>1</lineWidth>
<points>
<point x="401" y="106"/>
<point x="401" y="159"/>
</points>
</Connector>
<Connector class="oracle.dbtools.crest.swingui.relational.TVFKRelation" oid="E90876A5-54C8-5757-DC31-948BEA929FC2" otype="FKIndexAssociation" vid_source="3D381056-D0AD-E026-6780-A76CB6A3173D" vid_target="56157A6E-BD1B-7F2A-F82D-D75E7C7C0BE2">
<hideElementsInCurrentOnly>false</hideElementsInCurrentOnly>
<backgroundColor>-16777216</backgroundColor>
<lineWidth>1</lineWidth>
<points>
<point x="815" y="113"/>
<point x="815" y="291"/>
</points>
</Connector>
<Connector class="oracle.dbtools.crest.swingui.relational.TVFKRelation" oid="E9D3899C-91D2-846A-84DC-C9537FA6F377" otype="FKIndexAssociation" vid_source="53083ED3-999A-EA53-F62B-3DDBE6EF98BA" vid_target="E06D9199-D9B7-9C6D-E48E-AFF27E00B8E4">
<hideElementsInCurrentOnly>false</hideElementsInCurrentOnly>
<backgroundColor>-16777216</backgroundColor>
<lineWidth>1</lineWidth>
<points>
<point x="169" y="302"/>
<point x="235" y="263"/>
</points>
</Connector>
</connectors>
</Diagram>