<?xml version = '1.0' encoding = 'UTF-8'?>
<Relation class="oracle.dbtools.crest.model.design.logical.Relation" name="Relation_10" directorySegmentName="seg_0" id="087F496B-E963-3283-2D67-8E43DB546D09">
<createdBy>alumnom</createdBy>
<createdTime>2022-10-04 06:51:57 UTC</createdTime>
<ownerDesignName>base de datos2.0</ownerDesignName>
<engineerTo>
<item key="6EABDFCC-E35D-834C-7671-61A74610EE67" value="true"/>
</engineerTo>
<sourcePk>CF52A556-85A0-533E-1639-B40C7B3B5DFD</sourcePk>
<identifying>false</identifying>
<optionalSource>true</optionalSource>
<optionalTarget>false</optionalTarget>
<sourceCardinality>1</sourceCardinality>
<sourceEntity>3413192F-4A64-7DC6-8EE3-0C5C91182C3A</sourceEntity>
<targetCardinalityString>*</targetCardinalityString>
<targetEntity>7DEDB47B-80CA-37BA-257E-5EC8628A3961</targetEntity>
<transferable>true</transferable>
<deleteRule>NO ACTION</deleteRule>
</Relation>