<?xml version = '1.0' encoding = 'UTF-8'?>
<Relation class="oracle.dbtools.crest.model.design.logical.Relation" name="Relation_14" directorySegmentName="seg_0" id="1F70F5F0-81C5-C15B-AC7D-D0DD6AE1491E">
<createdBy>alumnom</createdBy>
<createdTime>2022-10-04 07:20:14 UTC</createdTime>
<ownerDesignName>base de datos2.0</ownerDesignName>
<engineerTo>
<item key="6EABDFCC-E35D-834C-7671-61A74610EE67" value="true"/>
</engineerTo>
<sourcePk>8EB315AC-1324-0D4C-9BD6-82D381B75DB0</sourcePk>
<identifying>false</identifying>
<optionalSource>true</optionalSource>
<optionalTarget>false</optionalTarget>
<sourceCardinality>1</sourceCardinality>
<sourceEntity>0E72BF45-8DAF-F012-2836-52C4C1B741AF</sourceEntity>
<targetCardinalityString>*</targetCardinalityString>
<targetEntity>D2004A24-E0AB-2584-0010-32049D0C0DEE</targetEntity>
<transferable>true</transferable>
<deleteRule>NO ACTION</deleteRule>
</Relation>