<?xml version = '1.0' encoding = 'UTF-8'?>
<Relation class="oracle.dbtools.crest.model.design.logical.Relation" name="Relation_22" directorySegmentName="seg_0" id="4D451345-563B-B824-EF1C-AC325B94E347">
<createdBy>alumnom</createdBy>
<createdTime>2022-10-04 08:54:19 UTC</createdTime>
<ownerDesignName>base de datos2.0</ownerDesignName>
<engineerTo>
<item key="6EABDFCC-E35D-834C-7671-61A74610EE67" value="true"/>
</engineerTo>
<sourcePk>064D0A4F-9EB4-3390-6272-ADB3FA719933</sourcePk>
<identifying>false</identifying>
<optionalSource>true</optionalSource>
<optionalTarget>false</optionalTarget>
<sourceCardinality>*</sourceCardinality>
<sourceEntity>69C155F2-A857-2403-EAD3-0B41773830F8</sourceEntity>
<targetCardinalityString>*</targetCardinalityString>
<targetEntity>995BDF8D-8633-D2DE-8835-755751244B6C</targetEntity>
<transferable>true</transferable>
<deleteRule>NO ACTION</deleteRule>
</Relation>