<?xml version = '1.0' encoding = 'UTF-8'?>
<Relation class="oracle.dbtools.crest.model.design.logical.Relation" name="Relation_15" directorySegmentName="seg_0" id="4E5ECAEC-D8D4-09C0-FD1C-2B98E870F43A">
<createdBy>alumnom</createdBy>
<createdTime>2022-10-04 07:21:40 UTC</createdTime>
<ownerDesignName>base de datos2.0</ownerDesignName>
<engineerTo>
<item key="6EABDFCC-E35D-834C-7671-61A74610EE67" value="true"/>
</engineerTo>
<sourcePk>8EB315AC-1324-0D4C-9BD6-82D381B75DB0</sourcePk>
<targetPk>B6871897-6D03-97D3-9A8A-3CE9E78CF990</targetPk>
<identifying>false</identifying>
<optionalSource>true</optionalSource>
<optionalTarget>false</optionalTarget>
<sourceCardinality>1</sourceCardinality>
<sourceEntity>0E72BF45-8DAF-F012-2836-52C4C1B741AF</sourceEntity>
<targetCardinalityString>*</targetCardinalityString>
<targetEntity>45F8AC11-603A-8CE0-A23B-41365A9CAF7D</targetEntity>
<transferable>true</transferable>
<deleteRule>NO ACTION</deleteRule>
</Relation>