<?xml version = '1.0' encoding = 'UTF-8'?>
<Relation class="oracle.dbtools.crest.model.design.logical.Relation" name="Relation_16" directorySegmentName="seg_0" id="530A4C7F-85FF-3A0F-92E4-8C0C644190E9">
<createdBy>alumnom</createdBy>
<createdTime>2022-10-04 07:22:21 UTC</createdTime>
<ownerDesignName>base de datos2.0</ownerDesignName>
<engineerTo>
<item key="6EABDFCC-E35D-834C-7671-61A74610EE67" value="true"/>
</engineerTo>
<identifying>false</identifying>
<optionalSource>true</optionalSource>
<optionalTarget>false</optionalTarget>
<sourceCardinality>*</sourceCardinality>
<sourceEntity>0E72BF45-8DAF-F012-2836-52C4C1B741AF</sourceEntity>
<targetCardinalityString>*</targetCardinalityString>
<targetEntity>A417FBB3-CAAA-DEA4-28EE-2B653999EFB2</targetEntity>
<transferable>true</transferable>
<deleteRule>NO ACTION</deleteRule>
</Relation>