<?xml version = '1.0' encoding = 'UTF-8'?>
<Relation class="oracle.dbtools.crest.model.design.logical.Relation" name="color elegido" directorySegmentName="seg_0" id="6DA31746-1D66-3090-511B-C75ECAF80BE6">
<createdBy>alumnom</createdBy>
<createdTime>2022-10-04 08:54:35 UTC</createdTime>
<ownerDesignName>base de datos2.0</ownerDesignName>
<engineerTo>
<item key="6EABDFCC-E35D-834C-7671-61A74610EE67" value="true"/>
</engineerTo>
<sourcePk>8E2DAC99-B080-9191-EFB1-1B48241D86FE</sourcePk>
<targetPk>29E6A67A-1CEB-B9DA-8DEF-7CF7F4E26C6F</targetPk>
<identifying>false</identifying>
<optionalSource>true</optionalSource>
<optionalTarget>false</optionalTarget>
<sourceCardinality>*</sourceCardinality>
<sourceEntity>D2004A24-E0AB-2584-0010-32049D0C0DEE</sourceEntity>
<targetCardinalityString>1</targetCardinalityString>
<targetEntity>8060CBC3-7589-CC5B-32EB-AA4F326DBDA9</targetEntity>
<transferable>true</transferable>
<deleteRule>NO ACTION</deleteRule>
</Relation>