<?xml version = '1.0' encoding = 'UTF-8'?>
<Relation class="oracle.dbtools.crest.model.design.logical.Relation" name="Relation_23" directorySegmentName="seg_0" id="8D946970-BF83-4335-E9A8-2FA324DABD54">
<createdBy>alumnom</createdBy>
<createdTime>2022-10-04 08:54:23 UTC</createdTime>
<ownerDesignName>base de datos2.0</ownerDesignName>
<engineerTo>
<item key="6EABDFCC-E35D-834C-7671-61A74610EE67" value="true"/>
</engineerTo>
<sourcePk>064D0A4F-9EB4-3390-6272-ADB3FA719933</sourcePk>
<identifying>false</identifying>
<optionalSource>true</optionalSource>
<optionalTarget>false</optionalTarget>
<sourceCardinality>*</sourceCardinality>
<sourceEntity>69C155F2-A857-2403-EAD3-0B41773830F8</sourceEntity>
<targetCardinalityString>*</targetCardinalityString>
<targetEntity>8060CBC3-7589-CC5B-32EB-AA4F326DBDA9</targetEntity>
<transferable>true</transferable>
<deleteRule>NO ACTION</deleteRule>
</Relation>