<?xml version = '1.0' encoding = 'UTF-8'?>
<Relation class="oracle.dbtools.crest.model.design.logical.Relation" name="cristal elegido" directorySegmentName="seg_0" id="B49F418A-3692-3A01-245D-A1C6EBCFA6FA">
<createdBy>alumnom</createdBy>
<createdTime>2022-10-04 08:54:31 UTC</createdTime>
<ownerDesignName>base de datos2.0</ownerDesignName>
<engineerTo>
<item key="6EABDFCC-E35D-834C-7671-61A74610EE67" value="true"/>
</engineerTo>
<sourcePk>8E2DAC99-B080-9191-EFB1-1B48241D86FE</sourcePk>
<targetPk>D191B61D-BC8C-E43F-86CA-C27B93A13817</targetPk>
<identifying>false</identifying>
<optionalSource>true</optionalSource>
<optionalTarget>false</optionalTarget>
<sourceCardinality>*</sourceCardinality>
<sourceEntity>D2004A24-E0AB-2584-0010-32049D0C0DEE</sourceEntity>
<targetCardinalityString>1</targetCardinalityString>
<targetEntity>995BDF8D-8633-D2DE-8835-755751244B6C</targetEntity>
<transferable>true</transferable>
<deleteRule>NO ACTION</deleteRule>
</Relation>