<?xml version = '1.0' encoding = 'UTF-8'?>
<Relation class="oracle.dbtools.crest.model.design.logical.Relation" name="Relation_9" directorySegmentName="seg_0" id="B79B5FE7-FC52-6EFC-E769-F67C859ACE75">
<createdBy>alumnom</createdBy>
<createdTime>2022-10-04 06:51:34 UTC</createdTime>
<ownerDesignName>base de datos2.0</ownerDesignName>
<engineerTo>
<item key="6EABDFCC-E35D-834C-7671-61A74610EE67" value="true"/>
</engineerTo>
<sourcePk>51C4D199-0B50-F83E-611D-3CB620BC184B</sourcePk>
<identifying>false</identifying>
<optionalSource>true</optionalSource>
<optionalTarget>false</optionalTarget>
<sourceCardinality>1</sourceCardinality>
<sourceEntity>024658FA-4971-D6D7-DA96-9F88B6A93650</sourceEntity>
<targetCardinalityString>*</targetCardinalityString>
<targetEntity>3413192F-4A64-7DC6-8EE3-0C5C91182C3A</targetEntity>
<transferable>true</transferable>
<deleteRule>NO ACTION</deleteRule>
</Relation>