<?xml version = '1.0' encoding = 'UTF-8'?>
<Relation class="oracle.dbtools.crest.model.design.logical.Relation" name="Medidas elegidas" directorySegmentName="seg_0" id="D8B34E6E-3001-FAED-2382-EEB5EFD10A71">
<createdBy>alumnom</createdBy>
<createdTime>2022-10-04 07:45:58 UTC</createdTime>
<ownerDesignName>base de datos2.0</ownerDesignName>
<engineerTo>
<item key="6EABDFCC-E35D-834C-7671-61A74610EE67" value="true"/>
</engineerTo>
<sourcePk>B6871897-6D03-97D3-9A8A-3CE9E78CF990</sourcePk>
<targetPk>8E2DAC99-B080-9191-EFB1-1B48241D86FE</targetPk>
<identifying>false</identifying>
<optionalSource>true</optionalSource>
<optionalTarget>false</optionalTarget>
<sourceCardinality>1</sourceCardinality>
<sourceEntity>45F8AC11-603A-8CE0-A23B-41365A9CAF7D</sourceEntity>
<targetCardinalityString>*</targetCardinalityString>
<targetEntity>D2004A24-E0AB-2584-0010-32049D0C0DEE</targetEntity>
<transferable>true</transferable>
<deleteRule>NO ACTION</deleteRule>
</Relation>