<?xml version = '1.0' encoding = 'UTF-8'?>
<Relation class="oracle.dbtools.crest.model.design.logical.Relation" name="Relation_13" directorySegmentName="seg_0" id="E785B427-12C8-5F46-3E2E-09BEB5582136">
<createdBy>alumnom</createdBy>
<createdTime>2022-10-04 07:19:25 UTC</createdTime>
<ownerDesignName>base de datos2.0</ownerDesignName>
<engineerTo>
<item key="6EABDFCC-E35D-834C-7671-61A74610EE67" value="true"/>
</engineerTo>
<sourcePk>064D0A4F-9EB4-3390-6272-ADB3FA719933</sourcePk>
<identifying>false</identifying>
<optionalSource>true</optionalSource>
<optionalTarget>false</optionalTarget>
<sourceCardinality>1</sourceCardinality>
<sourceEntity>69C155F2-A857-2403-EAD3-0B41773830F8</sourceEntity>
<targetCardinalityString>*</targetCardinalityString>
<targetEntity>0E72BF45-8DAF-F012-2836-52C4C1B741AF</targetEntity>
<transferable>true</transferable>
<deleteRule>NO ACTION</deleteRule>
</Relation>