<?xml version = '1.0' encoding = 'UTF-8'?>
<Relation class="oracle.dbtools.crest.model.design.logical.Relation" name="cantidad" directorySegmentName="seg_0" id="EE350F69-7924-2E34-F6A2-F65773724790">
<createdBy>alumnom</createdBy>
<createdTime>2022-10-04 06:51:28 UTC</createdTime>
<ownerDesignName>base de datos2.0</ownerDesignName>
<engineerTo>
<item key="6EABDFCC-E35D-834C-7671-61A74610EE67" value="true"/>
</engineerTo>
<sourcePk>8E2DAC99-B080-9191-EFB1-1B48241D86FE</sourcePk>
<targetPk>CF52A556-85A0-533E-1639-B40C7B3B5DFD</targetPk>
<identifying>false</identifying>
<optionalSource>true</optionalSource>
<optionalTarget>false</optionalTarget>
<sourceCardinality>*</sourceCardinality>
<sourceEntity>D2004A24-E0AB-2584-0010-32049D0C0DEE</sourceEntity>
<targetCardinalityString>1</targetCardinalityString>
<targetEntity>3413192F-4A64-7DC6-8EE3-0C5C91182C3A</targetEntity>
<transferable>true</transferable>
<deleteRule>NO ACTION</deleteRule>
</Relation>