<?xml version = '1.0' encoding = 'UTF-8'?>
<Relation class="oracle.dbtools.crest.model.design.logical.Relation" name="producto-entrega" directorySegmentName="seg_0" id="F8DE261D-BC99-C56F-8973-DA662118D1C3">
<createdBy>alumnom</createdBy>
<createdTime>2022-10-04 09:00:36 UTC</createdTime>
<ownerDesignName>base de datos2.0</ownerDesignName>
<engineerTo>
<item key="6EABDFCC-E35D-834C-7671-61A74610EE67" value="true"/>
</engineerTo>
<sourcePk>8E2DAC99-B080-9191-EFB1-1B48241D86FE</sourcePk>
<targetPk>84FAFC83-9782-373A-9A55-5DC2C17D4F85</targetPk>
<identifying>false</identifying>
<optionalSource>true</optionalSource>
<optionalTarget>false</optionalTarget>
<sourceCardinality>*</sourceCardinality>
<sourceEntity>D2004A24-E0AB-2584-0010-32049D0C0DEE</sourceEntity>
<targetCardinalityString>1</targetCardinalityString>
<targetEntity>7DEDB47B-80CA-37BA-257E-5EC8628A3961</targetEntity>
<transferable>true</transferable>
<deleteRule>NO ACTION</deleteRule>
</Relation>